feasible,instance,model,seed,SRTimeOut,SRTime,solverMemOut,solverTimeOut,solverTime,solverNodeOut,nNodes,sat,cmd,md5checksum,type,configurationId,configurationSeed,runId
1,inst-1-137027669,model,0,0,6.941,0,0,130.806,0,1418451,yes,../wrapper.py 1 1 137027669 tuning -numNodes_middle 41 -numNodes_delta 1 -numLeaves_middle 19 -numLeaves_delta 11 -numPeriods_middle 8 -numPeriods_delta 14 -maxStock_middle 49 -maxStock_delta 24 -holdingCost_range_middle 8 -holdingCost_range_delta 14 -procCost_range_middle 19 -procCost_range_delta 17 -demand_range_middle 13 -demand_range_delta 12 -children_range_cardMiddle 8 -children_range_cardDelta 1 -children_range_inner_middle 37 -children_range_inner_delta 12,6c7f17ea9480cf76898744a57e1a3594,sat + graded,1,137027669,1
1,inst-1-137027669,model,1,0,5.943,0,0,160.431,0,1761250,yes,../wrapper.py 1 1 137027669 tuning -numNodes_middle 41 -numNodes_delta 1 -numLeaves_middle 19 -numLeaves_delta 11 -numPeriods_middle 8 -numPeriods_delta 14 -maxStock_middle 49 -maxStock_delta 24 -holdingCost_range_middle 8 -holdingCost_range_delta 14 -procCost_range_middle 19 -procCost_range_delta 17 -demand_range_middle 13 -demand_range_delta 12 -children_range_cardMiddle 8 -children_range_cardDelta 1 -children_range_inner_middle 37 -children_range_inner_delta 12,6c7f17ea9480cf76898744a57e1a3594,sat + graded,1,137027669,1
1,inst-1-137027669,model,2,0,6.088,0,0,70.1303,0,705590,yes,../wrapper.py 1 1 137027669 tuning -numNodes_middle 41 -numNodes_delta 1 -numLeaves_middle 19 -numLeaves_delta 11 -numPeriods_middle 8 -numPeriods_delta 14 -maxStock_middle 49 -maxStock_delta 24 -holdingCost_range_middle 8 -holdingCost_range_delta 14 -procCost_range_middle 19 -procCost_range_delta 17 -demand_range_middle 13 -demand_range_delta 12 -children_range_cardMiddle 8 -children_range_cardDelta 1 -children_range_inner_middle 37 -children_range_inner_delta 12,6c7f17ea9480cf76898744a57e1a3594,sat + graded,1,137027669,1
1,inst-1-137027669,model,3,0,5.935,0,0,57.971,0,606575,yes,../wrapper.py 1 1 137027669 tuning -numNodes_middle 41 -numNodes_delta 1 -numLeaves_middle 19 -numLeaves_delta 11 -numPeriods_middle 8 -numPeriods_delta 14 -maxStock_middle 49 -maxStock_delta 24 -holdingCost_range_middle 8 -holdingCost_range_delta 14 -procCost_range_middle 19 -procCost_range_delta 17 -demand_range_middle 13 -demand_range_delta 12 -children_range_cardMiddle 8 -children_range_cardDelta 1 -children_range_inner_middle 37 -children_range_inner_delta 12,6c7f17ea9480cf76898744a57e1a3594,sat + graded,1,137027669,1
1,inst-1-137027669,model,4,0,5.969,0,0,69.8152,0,721285,yes,../wrapper.py 1 1 137027669 tuning -numNodes_middle 41 -numNodes_delta 1 -numLeaves_middle 19 -numLeaves_delta 11 -numPeriods_middle 8 -numPeriods_delta 14 -maxStock_middle 49 -maxStock_delta 24 -holdingCost_range_middle 8 -holdingCost_range_delta 14 -procCost_range_middle 19 -procCost_range_delta 17 -demand_range_middle 13 -demand_range_delta 12 -children_range_cardMiddle 8 -children_range_cardDelta 1 -children_range_inner_middle 37 -children_range_inner_delta 12,6c7f17ea9480cf76898744a57e1a3594,sat + graded,1,137027669,1
1,inst-1-817104398,model,0,0,5.139,0,0,56.3893,0,833173,yes,../wrapper.py 1 1 817104398 tuning -numNodes_middle 41 -numNodes_delta 1 -numLeaves_middle 19 -numLeaves_delta 11 -numPeriods_middle 8 -numPeriods_delta 14 -maxStock_middle 49 -maxStock_delta 24 -holdingCost_range_middle 8 -holdingCost_range_delta 14 -procCost_range_middle 19 -procCost_range_delta 17 -demand_range_middle 13 -demand_range_delta 12 -children_range_cardMiddle 8 -children_range_cardDelta 1 -children_range_inner_middle 37 -children_range_inner_delta 12,94d6fc678c31db4c075dd0553fe69643,sat + graded,1,817104398,1
1,inst-1-817104398,model,1,0,4.994,0,0,94.4986,0,1444917,yes,../wrapper.py 1 1 817104398 tuning -numNodes_middle 41 -numNodes_delta 1 -numLeaves_middle 19 -numLeaves_delta 11 -numPeriods_middle 8 -numPeriods_delta 14 -maxStock_middle 49 -maxStock_delta 24 -holdingCost_range_middle 8 -holdingCost_range_delta 14 -procCost_range_middle 19 -procCost_range_delta 17 -demand_range_middle 13 -demand_range_delta 12 -children_range_cardMiddle 8 -children_range_cardDelta 1 -children_range_inner_middle 37 -children_range_inner_delta 12,94d6fc678c31db4c075dd0553fe69643,sat + graded,1,817104398,1
1,inst-1-817104398,model,2,0,4.993,0,0,19.5906,0,275834,yes,../wrapper.py 1 1 817104398 tuning -numNodes_middle 41 -numNodes_delta 1 -numLeaves_middle 19 -numLeaves_delta 11 -numPeriods_middle 8 -numPeriods_delta 14 -maxStock_middle 49 -maxStock_delta 24 -holdingCost_range_middle 8 -holdingCost_range_delta 14 -procCost_range_middle 19 -procCost_range_delta 17 -demand_range_middle 13 -demand_range_delta 12 -children_range_cardMiddle 8 -children_range_cardDelta 1 -children_range_inner_middle 37 -children_range_inner_delta 12,94d6fc678c31db4c075dd0553fe69643,sat + graded,1,817104398,1
1,inst-1-817104398,model,3,0,5.041,0,0,75.9087,0,1085259,yes,../wrapper.py 1 1 817104398 tuning -numNodes_middle 41 -numNodes_delta 1 -numLeaves_middle 19 -numLeaves_delta 11 -numPeriods_middle 8 -numPeriods_delta 14 -maxStock_middle 49 -maxStock_delta 24 -holdingCost_range_middle 8 -holdingCost_range_delta 14 -procCost_range_middle 19 -procCost_range_delta 17 -demand_range_middle 13 -demand_range_delta 12 -children_range_cardMiddle 8 -children_range_cardDelta 1 -children_range_inner_middle 37 -children_range_inner_delta 12,94d6fc678c31db4c075dd0553fe69643,sat + graded,1,817104398,1
1,inst-1-817104398,model,4,0,5.956,0,0,76.5198,0,1105236,yes,../wrapper.py 1 1 817104398 tuning -numNodes_middle 41 -numNodes_delta 1 -numLeaves_middle 19 -numLeaves_delta 11 -numPeriods_middle 8 -numPeriods_delta 14 -maxStock_middle 49 -maxStock_delta 24 -holdingCost_range_middle 8 -holdingCost_range_delta 14 -procCost_range_middle 19 -procCost_range_delta 17 -demand_range_middle 13 -demand_range_delta 12 -children_range_cardMiddle 8 -children_range_cardDelta 1 -children_range_inner_middle 37 -children_range_inner_delta 12,94d6fc678c31db4c075dd0553fe69643,sat + graded,1,817104398,1
1,inst-28-1591454280,model,0,0,5.887,0,0,57.059,0,584572,yes,../wrapper.py 28 1 1591454280 tuning -numNodes_middle 38 -numNodes_delta 21 -numLeaves_middle 12 -numLeaves_delta 7 -numPeriods_middle 21 -numPeriods_delta 23 -maxStock_middle 47 -maxStock_delta 11 -holdingCost_range_middle 2 -holdingCost_range_delta 18 -procCost_range_middle 11 -procCost_range_delta 6 -demand_range_middle 1 -demand_range_delta 17 -children_range_cardMiddle 3 -children_range_cardDelta 1 -children_range_inner_middle 37 -children_range_inner_delta 10,579829a782f18579a3701729396ad76c,sat + graded,28,1591454280,28
1,inst-28-1591454280,model,1,0,5.884,0,0,67.597,0,716981,yes,../wrapper.py 28 1 1591454280 tuning -numNodes_middle 38 -numNodes_delta 21 -numLeaves_middle 12 -numLeaves_delta 7 -numPeriods_middle 21 -numPeriods_delta 23 -maxStock_middle 47 -maxStock_delta 11 -holdingCost_range_middle 2 -holdingCost_range_delta 18 -procCost_range_middle 11 -procCost_range_delta 6 -demand_range_middle 1 -demand_range_delta 17 -children_range_cardMiddle 3 -children_range_cardDelta 1 -children_range_inner_middle 37 -children_range_inner_delta 10,579829a782f18579a3701729396ad76c,sat + graded,28,1591454280,28
1,inst-28-1591454280,model,2,0,5.966,0,0,30.5137,0,337855,yes,../wrapper.py 28 1 1591454280 tuning -numNodes_middle 38 -numNodes_delta 21 -numLeaves_middle 12 -numLeaves_delta 7 -numPeriods_middle 21 -numPeriods_delta 23 -maxStock_middle 47 -maxStock_delta 11 -holdingCost_range_middle 2 -holdingCost_range_delta 18 -procCost_range_middle 11 -procCost_range_delta 6 -demand_range_middle 1 -demand_range_delta 17 -children_range_cardMiddle 3 -children_range_cardDelta 1 -children_range_inner_middle 37 -children_range_inner_delta 10,579829a782f18579a3701729396ad76c,sat + graded,28,1591454280,28
1,inst-28-1591454280,model,3,0,5.016,0,0,59.9458,0,626716,yes,../wrapper.py 28 1 1591454280 tuning -numNodes_middle 38 -numNodes_delta 21 -numLeaves_middle 12 -numLeaves_delta 7 -numPeriods_middle 21 -numPeriods_delta 23 -maxStock_middle 47 -maxStock_delta 11 -holdingCost_range_middle 2 -holdingCost_range_delta 18 -procCost_range_middle 11 -procCost_range_delta 6 -demand_range_middle 1 -demand_range_delta 17 -children_range_cardMiddle 3 -children_range_cardDelta 1 -children_range_inner_middle 37 -children_range_inner_delta 10,579829a782f18579a3701729396ad76c,sat + graded,28,1591454280,28
1,inst-28-1591454280,model,4,0,5.095,0,0,56.0285,0,577247,yes,../wrapper.py 28 1 1591454280 tuning -numNodes_middle 38 -numNodes_delta 21 -numLeaves_middle 12 -numLeaves_delta 7 -numPeriods_middle 21 -numPeriods_delta 23 -maxStock_middle 47 -maxStock_delta 11 -holdingCost_range_middle 2 -holdingCost_range_delta 18 -procCost_range_middle 11 -procCost_range_delta 6 -demand_range_middle 1 -demand_range_delta 17 -children_range_cardMiddle 3 -children_range_cardDelta 1 -children_range_inner_middle 37 -children_range_inner_delta 10,579829a782f18579a3701729396ad76c,sat + graded,28,1591454280,28
1,inst-28-817104398,model,0,0,6.904,0,0,283.877,0,2138571,yes,../wrapper.py 28 1 817104398 tuning -numNodes_middle 38 -numNodes_delta 21 -numLeaves_middle 12 -numLeaves_delta 7 -numPeriods_middle 21 -numPeriods_delta 23 -maxStock_middle 47 -maxStock_delta 11 -holdingCost_range_middle 2 -holdingCost_range_delta 18 -procCost_range_middle 11 -procCost_range_delta 6 -demand_range_middle 1 -demand_range_delta 17 -children_range_cardMiddle 3 -children_range_cardDelta 1 -children_range_inner_middle 37 -children_range_inner_delta 10,ebde809b5d93e138b413c8fea4fb2111,sat + graded,28,817104398,28
1,inst-28-817104398,model,1,0,7.912,0,0,279.031,0,2249038,yes,../wrapper.py 28 1 817104398 tuning -numNodes_middle 38 -numNodes_delta 21 -numLeaves_middle 12 -numLeaves_delta 7 -numPeriods_middle 21 -numPeriods_delta 23 -maxStock_middle 47 -maxStock_delta 11 -holdingCost_range_middle 2 -holdingCost_range_delta 18 -procCost_range_middle 11 -procCost_range_delta 6 -demand_range_middle 1 -demand_range_delta 17 -children_range_cardMiddle 3 -children_range_cardDelta 1 -children_range_inner_middle 37 -children_range_inner_delta 10,ebde809b5d93e138b413c8fea4fb2111,sat + graded,28,817104398,28
1,inst-28-817104398,model,2,0,7.106,0,0,218.457,0,1755297,yes,../wrapper.py 28 1 817104398 tuning -numNodes_middle 38 -numNodes_delta 21 -numLeaves_middle 12 -numLeaves_delta 7 -numPeriods_middle 21 -numPeriods_delta 23 -maxStock_middle 47 -maxStock_delta 11 -holdingCost_range_middle 2 -holdingCost_range_delta 18 -procCost_range_middle 11 -procCost_range_delta 6 -demand_range_middle 1 -demand_range_delta 17 -children_range_cardMiddle 3 -children_range_cardDelta 1 -children_range_inner_middle 37 -children_range_inner_delta 10,ebde809b5d93e138b413c8fea4fb2111,sat + graded,28,817104398,28
1,inst-28-817104398,model,3,0,6.981,0,0,157.014,0,1236567,yes,../wrapper.py 28 1 817104398 tuning -numNodes_middle 38 -numNodes_delta 21 -numLeaves_middle 12 -numLeaves_delta 7 -numPeriods_middle 21 -numPeriods_delta 23 -maxStock_middle 47 -maxStock_delta 11 -holdingCost_range_middle 2 -holdingCost_range_delta 18 -procCost_range_middle 11 -procCost_range_delta 6 -demand_range_middle 1 -demand_range_delta 17 -children_range_cardMiddle 3 -children_range_cardDelta 1 -children_range_inner_middle 37 -children_range_inner_delta 10,ebde809b5d93e138b413c8fea4fb2111,sat + graded,28,817104398,28
1,inst-28-817104398,model,4,0,6.115,0,0,237.159,0,1792173,yes,../wrapper.py 28 1 817104398 tuning -numNodes_middle 38 -numNodes_delta 21 -numLeaves_middle 12 -numLeaves_delta 7 -numPeriods_middle 21 -numPeriods_delta 23 -maxStock_middle 47 -maxStock_delta 11 -holdingCost_range_middle 2 -holdingCost_range_delta 18 -procCost_range_middle 11 -procCost_range_delta 6 -demand_range_middle 1 -demand_range_delta 17 -children_range_cardMiddle 3 -children_range_cardDelta 1 -children_range_inner_middle 37 -children_range_inner_delta 10,ebde809b5d93e138b413c8fea4fb2111,sat + graded,28,817104398,28
1,inst-67-1805206009,model,0,0,24.952,0,0,156.125,0,164829,yes,../wrapper.py 67 1 1805206009 tuning -numNodes_middle 42 -numNodes_delta 19 -numLeaves_middle 18 -numLeaves_delta 23 -numPeriods_middle 35 -numPeriods_delta 15 -maxStock_middle 43 -maxStock_delta 13 -holdingCost_range_middle 14 -holdingCost_range_delta 16 -procCost_range_middle 14 -procCost_range_delta 11 -demand_range_middle 14 -demand_range_delta 12 -children_range_cardMiddle 12 -children_range_cardDelta 1 -children_range_inner_middle 28 -children_range_inner_delta 14,a8e01daaead82c5a1528a04f4e5a4f54,sat + graded,67,1805206009,67
1,inst-67-1805206009,model,1,0,25.07,0,0,120.618,0,129319,yes,../wrapper.py 67 1 1805206009 tuning -numNodes_middle 42 -numNodes_delta 19 -numLeaves_middle 18 -numLeaves_delta 23 -numPeriods_middle 35 -numPeriods_delta 15 -maxStock_middle 43 -maxStock_delta 13 -holdingCost_range_middle 14 -holdingCost_range_delta 16 -procCost_range_middle 14 -procCost_range_delta 11 -demand_range_middle 14 -demand_range_delta 12 -children_range_cardMiddle 12 -children_range_cardDelta 1 -children_range_inner_middle 28 -children_range_inner_delta 14,a8e01daaead82c5a1528a04f4e5a4f54,sat + graded,67,1805206009,67
1,inst-67-1805206009,model,2,0,24.991,0,0,269.796,0,247648,yes,../wrapper.py 67 1 1805206009 tuning -numNodes_middle 42 -numNodes_delta 19 -numLeaves_middle 18 -numLeaves_delta 23 -numPeriods_middle 35 -numPeriods_delta 15 -maxStock_middle 43 -maxStock_delta 13 -holdingCost_range_middle 14 -holdingCost_range_delta 16 -procCost_range_middle 14 -procCost_range_delta 11 -demand_range_middle 14 -demand_range_delta 12 -children_range_cardMiddle 12 -children_range_cardDelta 1 -children_range_inner_middle 28 -children_range_inner_delta 14,a8e01daaead82c5a1528a04f4e5a4f54,sat + graded,67,1805206009,67
1,inst-67-1805206009,model,3,0,25.166,0,0,175.612,0,164928,yes,../wrapper.py 67 1 1805206009 tuning -numNodes_middle 42 -numNodes_delta 19 -numLeaves_middle 18 -numLeaves_delta 23 -numPeriods_middle 35 -numPeriods_delta 15 -maxStock_middle 43 -maxStock_delta 13 -holdingCost_range_middle 14 -holdingCost_range_delta 16 -procCost_range_middle 14 -procCost_range_delta 11 -demand_range_middle 14 -demand_range_delta 12 -children_range_cardMiddle 12 -children_range_cardDelta 1 -children_range_inner_middle 28 -children_range_inner_delta 14,a8e01daaead82c5a1528a04f4e5a4f54,sat + graded,67,1805206009,67
1,inst-67-1805206009,model,4,0,21.07,0,0,217.86,0,215439,yes,../wrapper.py 67 1 1805206009 tuning -numNodes_middle 42 -numNodes_delta 19 -numLeaves_middle 18 -numLeaves_delta 23 -numPeriods_middle 35 -numPeriods_delta 15 -maxStock_middle 43 -maxStock_delta 13 -holdingCost_range_middle 14 -holdingCost_range_delta 16 -procCost_range_middle 14 -procCost_range_delta 11 -demand_range_middle 14 -demand_range_delta 12 -children_range_cardMiddle 12 -children_range_cardDelta 1 -children_range_inner_middle 28 -children_range_inner_delta 14,a8e01daaead82c5a1528a04f4e5a4f54,sat + graded,67,1805206009,67
1,inst-67-1838528750,model,0,0,17.949,0,0,29.0752,0,65414,yes,../wrapper.py 67 1 1838528750 tuning -numNodes_middle 42 -numNodes_delta 19 -numLeaves_middle 18 -numLeaves_delta 23 -numPeriods_middle 35 -numPeriods_delta 15 -maxStock_middle 43 -maxStock_delta 13 -holdingCost_range_middle 14 -holdingCost_range_delta 16 -procCost_range_middle 14 -procCost_range_delta 11 -demand_range_middle 14 -demand_range_delta 12 -children_range_cardMiddle 12 -children_range_cardDelta 1 -children_range_inner_middle 28 -children_range_inner_delta 14,3c4342208ddaa2cdb17b76eccbeec682,sat + graded,67,1838528750,67
1,inst-67-1838528750,model,1,0,17.116,0,0,33.0988,0,78135,yes,../wrapper.py 67 1 1838528750 tuning -numNodes_middle 42 -numNodes_delta 19 -numLeaves_middle 18 -numLeaves_delta 23 -numPeriods_middle 35 -numPeriods_delta 15 -maxStock_middle 43 -maxStock_delta 13 -holdingCost_range_middle 14 -holdingCost_range_delta 16 -procCost_range_middle 14 -procCost_range_delta 11 -demand_range_middle 14 -demand_range_delta 12 -children_range_cardMiddle 12 -children_range_cardDelta 1 -children_range_inner_middle 28 -children_range_inner_delta 14,3c4342208ddaa2cdb17b76eccbeec682,sat + graded,67,1838528750,67
1,inst-67-1838528750,model,2,0,16.965,0,0,100.553,0,178703,yes,../wrapper.py 67 1 1838528750 tuning -numNodes_middle 42 -numNodes_delta 19 -numLeaves_middle 18 -numLeaves_delta 23 -numPeriods_middle 35 -numPeriods_delta 15 -maxStock_middle 43 -maxStock_delta 13 -holdingCost_range_middle 14 -holdingCost_range_delta 16 -procCost_range_middle 14 -procCost_range_delta 11 -demand_range_middle 14 -demand_range_delta 12 -children_range_cardMiddle 12 -children_range_cardDelta 1 -children_range_inner_middle 28 -children_range_inner_delta 14,3c4342208ddaa2cdb17b76eccbeec682,sat + graded,67,1838528750,67
1,inst-67-1838528750,model,3,0,17.967,0,0,94.6333,0,164749,yes,../wrapper.py 67 1 1838528750 tuning -numNodes_middle 42 -numNodes_delta 19 -numLeaves_middle 18 -numLeaves_delta 23 -numPeriods_middle 35 -numPeriods_delta 15 -maxStock_middle 43 -maxStock_delta 13 -holdingCost_range_middle 14 -holdingCost_range_delta 16 -procCost_range_middle 14 -procCost_range_delta 11 -demand_range_middle 14 -demand_range_delta 12 -children_range_cardMiddle 12 -children_range_cardDelta 1 -children_range_inner_middle 28 -children_range_inner_delta 14,3c4342208ddaa2cdb17b76eccbeec682,sat + graded,67,1838528750,67
1,inst-67-1838528750,model,4,0,17.949,0,0,40.6251,0,103427,yes,../wrapper.py 67 1 1838528750 tuning -numNodes_middle 42 -numNodes_delta 19 -numLeaves_middle 18 -numLeaves_delta 23 -numPeriods_middle 35 -numPeriods_delta 15 -maxStock_middle 43 -maxStock_delta 13 -holdingCost_range_middle 14 -holdingCost_range_delta 16 -procCost_range_middle 14 -procCost_range_delta 11 -demand_range_middle 14 -demand_range_delta 12 -children_range_cardMiddle 12 -children_range_cardDelta 1 -children_range_inner_middle 28 -children_range_inner_delta 14,3c4342208ddaa2cdb17b76eccbeec682,sat + graded,67,1838528750,67
1,inst-71-1805206009,model,0,0,13.07,0,0,32.1175,0,114351,yes,../wrapper.py 71 1 1805206009 tuning -numNodes_middle 33 -numNodes_delta 15 -numLeaves_middle 20 -numLeaves_delta 20 -numPeriods_middle 18 -numPeriods_delta 13 -maxStock_middle 44 -maxStock_delta 12 -holdingCost_range_middle 8 -holdingCost_range_delta 16 -procCost_range_middle 10 -procCost_range_delta 23 -demand_range_middle 21 -demand_range_delta 9 -children_range_cardMiddle 9 -children_range_cardDelta 2 -children_range_inner_middle 42 -children_range_inner_delta 19,c33c6052516fa4b2b86cee63fc8fd867,sat + graded,71,1805206009,71
1,inst-71-1805206009,model,1,0,12.97,0,0,32.1708,0,110204,yes,../wrapper.py 71 1 1805206009 tuning -numNodes_middle 33 -numNodes_delta 15 -numLeaves_middle 20 -numLeaves_delta 20 -numPeriods_middle 18 -numPeriods_delta 13 -maxStock_middle 44 -maxStock_delta 12 -holdingCost_range_middle 8 -holdingCost_range_delta 16 -procCost_range_middle 10 -procCost_range_delta 23 -demand_range_middle 21 -demand_range_delta 9 -children_range_cardMiddle 9 -children_range_cardDelta 2 -children_range_inner_middle 42 -children_range_inner_delta 19,c33c6052516fa4b2b86cee63fc8fd867,sat + graded,71,1805206009,71
1,inst-71-1805206009,model,2,0,11.009,0,0,35.7865,0,116867,yes,../wrapper.py 71 1 1805206009 tuning -numNodes_middle 33 -numNodes_delta 15 -numLeaves_middle 20 -numLeaves_delta 20 -numPeriods_middle 18 -numPeriods_delta 13 -maxStock_middle 44 -maxStock_delta 12 -holdingCost_range_middle 8 -holdingCost_range_delta 16 -procCost_range_middle 10 -procCost_range_delta 23 -demand_range_middle 21 -demand_range_delta 9 -children_range_cardMiddle 9 -children_range_cardDelta 2 -children_range_inner_middle 42 -children_range_inner_delta 19,c33c6052516fa4b2b86cee63fc8fd867,sat + graded,71,1805206009,71
1,inst-71-1805206009,model,3,0,13.042,0,0,32.5652,0,110940,yes,../wrapper.py 71 1 1805206009 tuning -numNodes_middle 33 -numNodes_delta 15 -numLeaves_middle 20 -numLeaves_delta 20 -numPeriods_middle 18 -numPeriods_delta 13 -maxStock_middle 44 -maxStock_delta 12 -holdingCost_range_middle 8 -holdingCost_range_delta 16 -procCost_range_middle 10 -procCost_range_delta 23 -demand_range_middle 21 -demand_range_delta 9 -children_range_cardMiddle 9 -children_range_cardDelta 2 -children_range_inner_middle 42 -children_range_inner_delta 19,c33c6052516fa4b2b86cee63fc8fd867,sat + graded,71,1805206009,71
1,inst-71-1805206009,model,4,0,13.048,0,0,34.7491,0,117713,yes,../wrapper.py 71 1 1805206009 tuning -numNodes_middle 33 -numNodes_delta 15 -numLeaves_middle 20 -numLeaves_delta 20 -numPeriods_middle 18 -numPeriods_delta 13 -maxStock_middle 44 -maxStock_delta 12 -holdingCost_range_middle 8 -holdingCost_range_delta 16 -procCost_range_middle 10 -procCost_range_delta 23 -demand_range_middle 21 -demand_range_delta 9 -children_range_cardMiddle 9 -children_range_cardDelta 2 -children_range_inner_middle 42 -children_range_inner_delta 19,c33c6052516fa4b2b86cee63fc8fd867,sat + graded,71,1805206009,71
1,inst-81-1554189636,model,0,0,11.326,0,0,22.3445,0,73548,yes,../wrapper.py 81 1 1554189636 tuning -numNodes_middle 46 -numNodes_delta 17 -numLeaves_middle 11 -numLeaves_delta 19 -numPeriods_middle 21 -numPeriods_delta 6 -maxStock_middle 34 -maxStock_delta 3 -holdingCost_range_middle 0 -holdingCost_range_delta 16 -procCost_range_middle 9 -procCost_range_delta 18 -demand_range_middle 26 -demand_range_delta 10 -children_range_cardMiddle 3 -children_range_cardDelta 0 -children_range_inner_middle 19 -children_range_inner_delta 1,705dd9338e6bced7d2e00ef6ad339cd9,sat + graded,81,1554189636,81
1,inst-81-1554189636,model,1,0,9.989,0,0,19.5952,0,67481,yes,../wrapper.py 81 1 1554189636 tuning -numNodes_middle 46 -numNodes_delta 17 -numLeaves_middle 11 -numLeaves_delta 19 -numPeriods_middle 21 -numPeriods_delta 6 -maxStock_middle 34 -maxStock_delta 3 -holdingCost_range_middle 0 -holdingCost_range_delta 16 -procCost_range_middle 9 -procCost_range_delta 18 -demand_range_middle 26 -demand_range_delta 10 -children_range_cardMiddle 3 -children_range_cardDelta 0 -children_range_inner_middle 19 -children_range_inner_delta 1,705dd9338e6bced7d2e00ef6ad339cd9,sat + graded,81,1554189636,81
1,inst-81-1554189636,model,2,0,8.154,0,0,20.5951,0,69667,yes,../wrapper.py 81 1 1554189636 tuning -numNodes_middle 46 -numNodes_delta 17 -numLeaves_middle 11 -numLeaves_delta 19 -numPeriods_middle 21 -numPeriods_delta 6 -maxStock_middle 34 -maxStock_delta 3 -holdingCost_range_middle 0 -holdingCost_range_delta 16 -procCost_range_middle 9 -procCost_range_delta 18 -demand_range_middle 26 -demand_range_delta 10 -children_range_cardMiddle 3 -children_range_cardDelta 0 -children_range_inner_middle 19 -children_range_inner_delta 1,705dd9338e6bced7d2e00ef6ad339cd9,sat + graded,81,1554189636,81
1,inst-81-1554189636,model,3,0,10.023,0,0,22.1534,0,72804,yes,../wrapper.py 81 1 1554189636 tuning -numNodes_middle 46 -numNodes_delta 17 -numLeaves_middle 11 -numLeaves_delta 19 -numPeriods_middle 21 -numPeriods_delta 6 -maxStock_middle 34 -maxStock_delta 3 -holdingCost_range_middle 0 -holdingCost_range_delta 16 -procCost_range_middle 9 -procCost_range_delta 18 -demand_range_middle 26 -demand_range_delta 10 -children_range_cardMiddle 3 -children_range_cardDelta 0 -children_range_inner_middle 19 -children_range_inner_delta 1,705dd9338e6bced7d2e00ef6ad339cd9,sat + graded,81,1554189636,81
1,inst-81-1554189636,model,4,0,9.016,0,0,20.962,0,74678,yes,../wrapper.py 81 1 1554189636 tuning -numNodes_middle 46 -numNodes_delta 17 -numLeaves_middle 11 -numLeaves_delta 19 -numPeriods_middle 21 -numPeriods_delta 6 -maxStock_middle 34 -maxStock_delta 3 -holdingCost_range_middle 0 -holdingCost_range_delta 16 -procCost_range_middle 9 -procCost_range_delta 18 -demand_range_middle 26 -demand_range_delta 10 -children_range_cardMiddle 3 -children_range_cardDelta 0 -children_range_inner_middle 19 -children_range_inner_delta 1,705dd9338e6bced7d2e00ef6ad339cd9,sat + graded,81,1554189636,81
1,inst-81-1805206009,model,0,0,13.03,0,0,68.9765,0,165096,yes,../wrapper.py 81 1 1805206009 tuning -numNodes_middle 46 -numNodes_delta 17 -numLeaves_middle 11 -numLeaves_delta 19 -numPeriods_middle 21 -numPeriods_delta 6 -maxStock_middle 34 -maxStock_delta 3 -holdingCost_range_middle 0 -holdingCost_range_delta 16 -procCost_range_middle 9 -procCost_range_delta 18 -demand_range_middle 26 -demand_range_delta 10 -children_range_cardMiddle 3 -children_range_cardDelta 0 -children_range_inner_middle 19 -children_range_inner_delta 1,f5869ec342582057680cddec67c754f6,sat + graded,81,1805206009,81
1,inst-81-1805206009,model,1,0,10.127,0,0,67.8202,0,158297,yes,../wrapper.py 81 1 1805206009 tuning -numNodes_middle 46 -numNodes_delta 17 -numLeaves_middle 11 -numLeaves_delta 19 -numPeriods_middle 21 -numPeriods_delta 6 -maxStock_middle 34 -maxStock_delta 3 -holdingCost_range_middle 0 -holdingCost_range_delta 16 -procCost_range_middle 9 -procCost_range_delta 18 -demand_range_middle 26 -demand_range_delta 10 -children_range_cardMiddle 3 -children_range_cardDelta 0 -children_range_inner_middle 19 -children_range_inner_delta 1,f5869ec342582057680cddec67c754f6,sat + graded,81,1805206009,81
1,inst-81-1805206009,model,2,0,10.205,0,0,67.3856,0,159519,yes,../wrapper.py 81 1 1805206009 tuning -numNodes_middle 46 -numNodes_delta 17 -numLeaves_middle 11 -numLeaves_delta 19 -numPeriods_middle 21 -numPeriods_delta 6 -maxStock_middle 34 -maxStock_delta 3 -holdingCost_range_middle 0 -holdingCost_range_delta 16 -procCost_range_middle 9 -procCost_range_delta 18 -demand_range_middle 26 -demand_range_delta 10 -children_range_cardMiddle 3 -children_range_cardDelta 0 -children_range_inner_middle 19 -children_range_inner_delta 1,f5869ec342582057680cddec67c754f6,sat + graded,81,1805206009,81
1,inst-81-1805206009,model,3,0,10.17,0,0,65.9395,0,153627,yes,../wrapper.py 81 1 1805206009 tuning -numNodes_middle 46 -numNodes_delta 17 -numLeaves_middle 11 -numLeaves_delta 19 -numPeriods_middle 21 -numPeriods_delta 6 -maxStock_middle 34 -maxStock_delta 3 -holdingCost_range_middle 0 -holdingCost_range_delta 16 -procCost_range_middle 9 -procCost_range_delta 18 -demand_range_middle 26 -demand_range_delta 10 -children_range_cardMiddle 3 -children_range_cardDelta 0 -children_range_inner_middle 19 -children_range_inner_delta 1,f5869ec342582057680cddec67c754f6,sat + graded,81,1805206009,81
1,inst-81-1805206009,model,4,0,10.164,0,0,66.3522,0,154433,yes,../wrapper.py 81 1 1805206009 tuning -numNodes_middle 46 -numNodes_delta 17 -numLeaves_middle 11 -numLeaves_delta 19 -numPeriods_middle 21 -numPeriods_delta 6 -maxStock_middle 34 -maxStock_delta 3 -holdingCost_range_middle 0 -holdingCost_range_delta 16 -procCost_range_middle 9 -procCost_range_delta 18 -demand_range_middle 26 -demand_range_delta 10 -children_range_cardMiddle 3 -children_range_cardDelta 0 -children_range_inner_middle 19 -children_range_inner_delta 1,f5869ec342582057680cddec67c754f6,sat + graded,81,1805206009,81
1,inst-85-1805206009,model,0,0,15.159,0,0,122.725,0,420722,yes,../wrapper.py 85 1 1805206009 tuning -numNodes_middle 49 -numNodes_delta 14 -numLeaves_middle 14 -numLeaves_delta 17 -numPeriods_middle 12 -numPeriods_delta 10 -maxStock_middle 24 -maxStock_delta 11 -holdingCost_range_middle 11 -holdingCost_range_delta 12 -procCost_range_middle 4 -procCost_range_delta 19 -demand_range_middle 12 -demand_range_delta 10 -children_range_cardMiddle 19 -children_range_cardDelta 2 -children_range_inner_middle 43 -children_range_inner_delta 11,46f65f8fdacb166aa135d5d4d2e1af80,sat + graded,85,1805206009,85
1,inst-85-1805206009,model,1,0,13.995,0,0,119.354,0,432278,yes,../wrapper.py 85 1 1805206009 tuning -numNodes_middle 49 -numNodes_delta 14 -numLeaves_middle 14 -numLeaves_delta 17 -numPeriods_middle 12 -numPeriods_delta 10 -maxStock_middle 24 -maxStock_delta 11 -holdingCost_range_middle 11 -holdingCost_range_delta 12 -procCost_range_middle 4 -procCost_range_delta 19 -demand_range_middle 12 -demand_range_delta 10 -children_range_cardMiddle 19 -children_range_cardDelta 2 -children_range_inner_middle 43 -children_range_inner_delta 11,46f65f8fdacb166aa135d5d4d2e1af80,sat + graded,85,1805206009,85
1,inst-85-1805206009,model,2,0,13.953,0,0,112.403,0,419896,yes,../wrapper.py 85 1 1805206009 tuning -numNodes_middle 49 -numNodes_delta 14 -numLeaves_middle 14 -numLeaves_delta 17 -numPeriods_middle 12 -numPeriods_delta 10 -maxStock_middle 24 -maxStock_delta 11 -holdingCost_range_middle 11 -holdingCost_range_delta 12 -procCost_range_middle 4 -procCost_range_delta 19 -demand_range_middle 12 -demand_range_delta 10 -children_range_cardMiddle 19 -children_range_cardDelta 2 -children_range_inner_middle 43 -children_range_inner_delta 11,46f65f8fdacb166aa135d5d4d2e1af80,sat + graded,85,1805206009,85
1,inst-85-1805206009,model,3,0,13.962,0,0,111.758,0,404281,yes,../wrapper.py 85 1 1805206009 tuning -numNodes_middle 49 -numNodes_delta 14 -numLeaves_middle 14 -numLeaves_delta 17 -numPeriods_middle 12 -numPeriods_delta 10 -maxStock_middle 24 -maxStock_delta 11 -holdingCost_range_middle 11 -holdingCost_range_delta 12 -procCost_range_middle 4 -procCost_range_delta 19 -demand_range_middle 12 -demand_range_delta 10 -children_range_cardMiddle 19 -children_range_cardDelta 2 -children_range_inner_middle 43 -children_range_inner_delta 11,46f65f8fdacb166aa135d5d4d2e1af80,sat + graded,85,1805206009,85
1,inst-85-1805206009,model,4,0,13.124,0,0,116.006,0,407780,yes,../wrapper.py 85 1 1805206009 tuning -numNodes_middle 49 -numNodes_delta 14 -numLeaves_middle 14 -numLeaves_delta 17 -numPeriods_middle 12 -numPeriods_delta 10 -maxStock_middle 24 -maxStock_delta 11 -holdingCost_range_middle 11 -holdingCost_range_delta 12 -procCost_range_middle 4 -procCost_range_delta 19 -demand_range_middle 12 -demand_range_delta 10 -children_range_cardMiddle 19 -children_range_cardDelta 2 -children_range_inner_middle 43 -children_range_inner_delta 11,46f65f8fdacb166aa135d5d4d2e1af80,sat + graded,85,1805206009,85
1,inst-90-1299879253,model,0,0,9.051,0,0,46.0617,0,339483,yes,../wrapper.py 90 1 1299879253 tuning -numNodes_middle 35 -numNodes_delta 17 -numLeaves_middle 12 -numLeaves_delta 5 -numPeriods_middle 14 -numPeriods_delta 15 -maxStock_middle 47 -maxStock_delta 11 -holdingCost_range_middle 9 -holdingCost_range_delta 14 -procCost_range_middle 1 -procCost_range_delta 8 -demand_range_middle 3 -demand_range_delta 11 -children_range_cardMiddle 5 -children_range_cardDelta 2 -children_range_inner_middle 50 -children_range_inner_delta 16,a48fdc11e5131b8f2ac54c3d8c41be09,sat + graded,90,1299879253,90
1,inst-90-1299879253,model,1,0,8.974,0,0,48.2086,0,340962,yes,../wrapper.py 90 1 1299879253 tuning -numNodes_middle 35 -numNodes_delta 17 -numLeaves_middle 12 -numLeaves_delta 5 -numPeriods_middle 14 -numPeriods_delta 15 -maxStock_middle 47 -maxStock_delta 11 -holdingCost_range_middle 9 -holdingCost_range_delta 14 -procCost_range_middle 1 -procCost_range_delta 8 -demand_range_middle 3 -demand_range_delta 11 -children_range_cardMiddle 5 -children_range_cardDelta 2 -children_range_inner_middle 50 -children_range_inner_delta 16,a48fdc11e5131b8f2ac54c3d8c41be09,sat + graded,90,1299879253,90
1,inst-90-1299879253,model,2,0,7.991,0,0,45.0101,0,324204,yes,../wrapper.py 90 1 1299879253 tuning -numNodes_middle 35 -numNodes_delta 17 -numLeaves_middle 12 -numLeaves_delta 5 -numPeriods_middle 14 -numPeriods_delta 15 -maxStock_middle 47 -maxStock_delta 11 -holdingCost_range_middle 9 -holdingCost_range_delta 14 -procCost_range_middle 1 -procCost_range_delta 8 -demand_range_middle 3 -demand_range_delta 11 -children_range_cardMiddle 5 -children_range_cardDelta 2 -children_range_inner_middle 50 -children_range_inner_delta 16,a48fdc11e5131b8f2ac54c3d8c41be09,sat + graded,90,1299879253,90
1,inst-90-1299879253,model,3,0,8.004,0,0,45.548,0,330631,yes,../wrapper.py 90 1 1299879253 tuning -numNodes_middle 35 -numNodes_delta 17 -numLeaves_middle 12 -numLeaves_delta 5 -numPeriods_middle 14 -numPeriods_delta 15 -maxStock_middle 47 -maxStock_delta 11 -holdingCost_range_middle 9 -holdingCost_range_delta 14 -procCost_range_middle 1 -procCost_range_delta 8 -demand_range_middle 3 -demand_range_delta 11 -children_range_cardMiddle 5 -children_range_cardDelta 2 -children_range_inner_middle 50 -children_range_inner_delta 16,a48fdc11e5131b8f2ac54c3d8c41be09,sat + graded,90,1299879253,90
1,inst-90-1299879253,model,4,0,8.024,0,0,44.661,0,327926,yes,../wrapper.py 90 1 1299879253 tuning -numNodes_middle 35 -numNodes_delta 17 -numLeaves_middle 12 -numLeaves_delta 5 -numPeriods_middle 14 -numPeriods_delta 15 -maxStock_middle 47 -maxStock_delta 11 -holdingCost_range_middle 9 -holdingCost_range_delta 14 -procCost_range_middle 1 -procCost_range_delta 8 -demand_range_middle 3 -demand_range_delta 11 -children_range_cardMiddle 5 -children_range_cardDelta 2 -children_range_inner_middle 50 -children_range_inner_delta 16,a48fdc11e5131b8f2ac54c3d8c41be09,sat + graded,90,1299879253,90
1,inst-90-1353804019,model,0,0,6.991,0,0,42.1611,0,230467,yes,../wrapper.py 90 1 1353804019 tuning -numNodes_middle 35 -numNodes_delta 17 -numLeaves_middle 12 -numLeaves_delta 5 -numPeriods_middle 14 -numPeriods_delta 15 -maxStock_middle 47 -maxStock_delta 11 -holdingCost_range_middle 9 -holdingCost_range_delta 14 -procCost_range_middle 1 -procCost_range_delta 8 -demand_range_middle 3 -demand_range_delta 11 -children_range_cardMiddle 5 -children_range_cardDelta 2 -children_range_inner_middle 50 -children_range_inner_delta 16,7347945f8faad8fd8962983b269bc92d,sat + graded,90,1353804019,90
1,inst-90-1353804019,model,1,0,7.037,0,0,56.1431,0,295543,yes,../wrapper.py 90 1 1353804019 tuning -numNodes_middle 35 -numNodes_delta 17 -numLeaves_middle 12 -numLeaves_delta 5 -numPeriods_middle 14 -numPeriods_delta 15 -maxStock_middle 47 -maxStock_delta 11 -holdingCost_range_middle 9 -holdingCost_range_delta 14 -procCost_range_middle 1 -procCost_range_delta 8 -demand_range_middle 3 -demand_range_delta 11 -children_range_cardMiddle 5 -children_range_cardDelta 2 -children_range_inner_middle 50 -children_range_inner_delta 16,7347945f8faad8fd8962983b269bc92d,sat + graded,90,1353804019,90
1,inst-90-1353804019,model,2,0,7.791,0,0,18.378,0,132712,yes,../wrapper.py 90 1 1353804019 tuning -numNodes_middle 35 -numNodes_delta 17 -numLeaves_middle 12 -numLeaves_delta 5 -numPeriods_middle 14 -numPeriods_delta 15 -maxStock_middle 47 -maxStock_delta 11 -holdingCost_range_middle 9 -holdingCost_range_delta 14 -procCost_range_middle 1 -procCost_range_delta 8 -demand_range_middle 3 -demand_range_delta 11 -children_range_cardMiddle 5 -children_range_cardDelta 2 -children_range_inner_middle 50 -children_range_inner_delta 16,7347945f8faad8fd8962983b269bc92d,sat + graded,90,1353804019,90
1,inst-90-1353804019,model,3,0,7.093,0,0,35.2393,0,204462,yes,../wrapper.py 90 1 1353804019 tuning -numNodes_middle 35 -numNodes_delta 17 -numLeaves_middle 12 -numLeaves_delta 5 -numPeriods_middle 14 -numPeriods_delta 15 -maxStock_middle 47 -maxStock_delta 11 -holdingCost_range_middle 9 -holdingCost_range_delta 14 -procCost_range_middle 1 -procCost_range_delta 8 -demand_range_middle 3 -demand_range_delta 11 -children_range_cardMiddle 5 -children_range_cardDelta 2 -children_range_inner_middle 50 -children_range_inner_delta 16,7347945f8faad8fd8962983b269bc92d,sat + graded,90,1353804019,90
1,inst-90-1353804019,model,4,0,7.063,0,0,42.7863,0,235972,yes,../wrapper.py 90 1 1353804019 tuning -numNodes_middle 35 -numNodes_delta 17 -numLeaves_middle 12 -numLeaves_delta 5 -numPeriods_middle 14 -numPeriods_delta 15 -maxStock_middle 47 -maxStock_delta 11 -holdingCost_range_middle 9 -holdingCost_range_delta 14 -procCost_range_middle 1 -procCost_range_delta 8 -demand_range_middle 3 -demand_range_delta 11 -children_range_cardMiddle 5 -children_range_cardDelta 2 -children_range_inner_middle 50 -children_range_inner_delta 16,7347945f8faad8fd8962983b269bc92d,sat + graded,90,1353804019,90
1,inst-90-1922954410,model,0,0,9.053,0,0,40.0894,0,188099,yes,../wrapper.py 90 1 1922954410 tuning -numNodes_middle 35 -numNodes_delta 17 -numLeaves_middle 12 -numLeaves_delta 5 -numPeriods_middle 14 -numPeriods_delta 15 -maxStock_middle 47 -maxStock_delta 11 -holdingCost_range_middle 9 -holdingCost_range_delta 14 -procCost_range_middle 1 -procCost_range_delta 8 -demand_range_middle 3 -demand_range_delta 11 -children_range_cardMiddle 5 -children_range_cardDelta 2 -children_range_inner_middle 50 -children_range_inner_delta 16,10120bf36d3f58d1586cad3c6b03149e,sat + graded,90,1922954410,90
1,inst-90-1922954410,model,1,0,8.047,0,0,32.8593,0,156180,yes,../wrapper.py 90 1 1922954410 tuning -numNodes_middle 35 -numNodes_delta 17 -numLeaves_middle 12 -numLeaves_delta 5 -numPeriods_middle 14 -numPeriods_delta 15 -maxStock_middle 47 -maxStock_delta 11 -holdingCost_range_middle 9 -holdingCost_range_delta 14 -procCost_range_middle 1 -procCost_range_delta 8 -demand_range_middle 3 -demand_range_delta 11 -children_range_cardMiddle 5 -children_range_cardDelta 2 -children_range_inner_middle 50 -children_range_inner_delta 16,10120bf36d3f58d1586cad3c6b03149e,sat + graded,90,1922954410,90
1,inst-90-1922954410,model,2,0,8.039,0,0,51.1691,0,228967,yes,../wrapper.py 90 1 1922954410 tuning -numNodes_middle 35 -numNodes_delta 17 -numLeaves_middle 12 -numLeaves_delta 5 -numPeriods_middle 14 -numPeriods_delta 15 -maxStock_middle 47 -maxStock_delta 11 -holdingCost_range_middle 9 -holdingCost_range_delta 14 -procCost_range_middle 1 -procCost_range_delta 8 -demand_range_middle 3 -demand_range_delta 11 -children_range_cardMiddle 5 -children_range_cardDelta 2 -children_range_inner_middle 50 -children_range_inner_delta 16,10120bf36d3f58d1586cad3c6b03149e,sat + graded,90,1922954410,90
1,inst-90-1922954410,model,3,0,7.085,0,0,31.5699,0,146475,yes,../wrapper.py 90 1 1922954410 tuning -numNodes_middle 35 -numNodes_delta 17 -numLeaves_middle 12 -numLeaves_delta 5 -numPeriods_middle 14 -numPeriods_delta 15 -maxStock_middle 47 -maxStock_delta 11 -holdingCost_range_middle 9 -holdingCost_range_delta 14 -procCost_range_middle 1 -procCost_range_delta 8 -demand_range_middle 3 -demand_range_delta 11 -children_range_cardMiddle 5 -children_range_cardDelta 2 -children_range_inner_middle 50 -children_range_inner_delta 16,10120bf36d3f58d1586cad3c6b03149e,sat + graded,90,1922954410,90
1,inst-90-1922954410,model,4,0,8.045,0,0,31.9786,0,157423,yes,../wrapper.py 90 1 1922954410 tuning -numNodes_middle 35 -numNodes_delta 17 -numLeaves_middle 12 -numLeaves_delta 5 -numPeriods_middle 14 -numPeriods_delta 15 -maxStock_middle 47 -maxStock_delta 11 -holdingCost_range_middle 9 -holdingCost_range_delta 14 -procCost_range_middle 1 -procCost_range_delta 8 -demand_range_middle 3 -demand_range_delta 11 -children_range_cardMiddle 5 -children_range_cardDelta 2 -children_range_inner_middle 50 -children_range_inner_delta 16,10120bf36d3f58d1586cad3c6b03149e,sat + graded,90,1922954410,90
1,inst-90-840437657,model,0,0,9.004,0,0,30.3004,0,138951,yes,../wrapper.py 90 1 840437657 tuning -numNodes_middle 35 -numNodes_delta 17 -numLeaves_middle 12 -numLeaves_delta 5 -numPeriods_middle 14 -numPeriods_delta 15 -maxStock_middle 47 -maxStock_delta 11 -holdingCost_range_middle 9 -holdingCost_range_delta 14 -procCost_range_middle 1 -procCost_range_delta 8 -demand_range_middle 3 -demand_range_delta 11 -children_range_cardMiddle 5 -children_range_cardDelta 2 -children_range_inner_middle 50 -children_range_inner_delta 16,32ab1d5d4da7262cfd2f0c934b3ee5ac,sat + graded,90,840437657,90
1,inst-90-840437657,model,1,0,8.951,0,0,36.1908,0,158581,yes,../wrapper.py 90 1 840437657 tuning -numNodes_middle 35 -numNodes_delta 17 -numLeaves_middle 12 -numLeaves_delta 5 -numPeriods_middle 14 -numPeriods_delta 15 -maxStock_middle 47 -maxStock_delta 11 -holdingCost_range_middle 9 -holdingCost_range_delta 14 -procCost_range_middle 1 -procCost_range_delta 8 -demand_range_middle 3 -demand_range_delta 11 -children_range_cardMiddle 5 -children_range_cardDelta 2 -children_range_inner_middle 50 -children_range_inner_delta 16,32ab1d5d4da7262cfd2f0c934b3ee5ac,sat + graded,90,840437657,90
1,inst-90-840437657,model,2,0,8.991,0,0,26.3092,0,125592,yes,../wrapper.py 90 1 840437657 tuning -numNodes_middle 35 -numNodes_delta 17 -numLeaves_middle 12 -numLeaves_delta 5 -numPeriods_middle 14 -numPeriods_delta 15 -maxStock_middle 47 -maxStock_delta 11 -holdingCost_range_middle 9 -holdingCost_range_delta 14 -procCost_range_middle 1 -procCost_range_delta 8 -demand_range_middle 3 -demand_range_delta 11 -children_range_cardMiddle 5 -children_range_cardDelta 2 -children_range_inner_middle 50 -children_range_inner_delta 16,32ab1d5d4da7262cfd2f0c934b3ee5ac,sat + graded,90,840437657,90
1,inst-90-840437657,model,3,0,9.057,0,0,28.7114,0,136654,yes,../wrapper.py 90 1 840437657 tuning -numNodes_middle 35 -numNodes_delta 17 -numLeaves_middle 12 -numLeaves_delta 5 -numPeriods_middle 14 -numPeriods_delta 15 -maxStock_middle 47 -maxStock_delta 11 -holdingCost_range_middle 9 -holdingCost_range_delta 14 -procCost_range_middle 1 -procCost_range_delta 8 -demand_range_middle 3 -demand_range_delta 11 -children_range_cardMiddle 5 -children_range_cardDelta 2 -children_range_inner_middle 50 -children_range_inner_delta 16,32ab1d5d4da7262cfd2f0c934b3ee5ac,sat + graded,90,840437657,90
1,inst-90-840437657,model,4,0,9.02,0,0,30.8452,0,144426,yes,../wrapper.py 90 1 840437657 tuning -numNodes_middle 35 -numNodes_delta 17 -numLeaves_middle 12 -numLeaves_delta 5 -numPeriods_middle 14 -numPeriods_delta 15 -maxStock_middle 47 -maxStock_delta 11 -holdingCost_range_middle 9 -holdingCost_range_delta 14 -procCost_range_middle 1 -procCost_range_delta 8 -demand_range_middle 3 -demand_range_delta 11 -children_range_cardMiddle 5 -children_range_cardDelta 2 -children_range_inner_middle 50 -children_range_inner_delta 16,32ab1d5d4da7262cfd2f0c934b3ee5ac,sat + graded,90,840437657,90
1,inst-92-1554189636,model,0,0,15.125,0,0,39.1644,0,139977,yes,../wrapper.py 92 1 1554189636 tuning -numNodes_middle 33 -numNodes_delta 14 -numLeaves_middle 17 -numLeaves_delta 15 -numPeriods_middle 8 -numPeriods_delta 20 -maxStock_middle 43 -maxStock_delta 24 -holdingCost_range_middle 14 -holdingCost_range_delta 20 -procCost_range_middle 41 -procCost_range_delta 18 -demand_range_middle 41 -demand_range_delta 5 -children_range_cardMiddle 8 -children_range_cardDelta 1 -children_range_inner_middle 47 -children_range_inner_delta 22,c7212b3ee44a7d2634da7295e8767e92,sat + graded,92,1554189636,92
1,inst-92-1554189636,model,1,0,13.119,0,0,41.333,0,145950,yes,../wrapper.py 92 1 1554189636 tuning -numNodes_middle 33 -numNodes_delta 14 -numLeaves_middle 17 -numLeaves_delta 15 -numPeriods_middle 8 -numPeriods_delta 20 -maxStock_middle 43 -maxStock_delta 24 -holdingCost_range_middle 14 -holdingCost_range_delta 20 -procCost_range_middle 41 -procCost_range_delta 18 -demand_range_middle 41 -demand_range_delta 5 -children_range_cardMiddle 8 -children_range_cardDelta 1 -children_range_inner_middle 47 -children_range_inner_delta 22,c7212b3ee44a7d2634da7295e8767e92,sat + graded,92,1554189636,92
1,inst-92-1554189636,model,2,0,13.163,0,0,36.5923,0,131797,yes,../wrapper.py 92 1 1554189636 tuning -numNodes_middle 33 -numNodes_delta 14 -numLeaves_middle 17 -numLeaves_delta 15 -numPeriods_middle 8 -numPeriods_delta 20 -maxStock_middle 43 -maxStock_delta 24 -holdingCost_range_middle 14 -holdingCost_range_delta 20 -procCost_range_middle 41 -procCost_range_delta 18 -demand_range_middle 41 -demand_range_delta 5 -children_range_cardMiddle 8 -children_range_cardDelta 1 -children_range_inner_middle 47 -children_range_inner_delta 22,c7212b3ee44a7d2634da7295e8767e92,sat + graded,92,1554189636,92
1,inst-92-1554189636,model,3,0,13.134,0,0,38.0726,0,137419,yes,../wrapper.py 92 1 1554189636 tuning -numNodes_middle 33 -numNodes_delta 14 -numLeaves_middle 17 -numLeaves_delta 15 -numPeriods_middle 8 -numPeriods_delta 20 -maxStock_middle 43 -maxStock_delta 24 -holdingCost_range_middle 14 -holdingCost_range_delta 20 -procCost_range_middle 41 -procCost_range_delta 18 -demand_range_middle 41 -demand_range_delta 5 -children_range_cardMiddle 8 -children_range_cardDelta 1 -children_range_inner_middle 47 -children_range_inner_delta 22,c7212b3ee44a7d2634da7295e8767e92,sat + graded,92,1554189636,92
1,inst-92-1554189636,model,4,0,12.977,0,0,38.0458,0,138618,yes,../wrapper.py 92 1 1554189636 tuning -numNodes_middle 33 -numNodes_delta 14 -numLeaves_middle 17 -numLeaves_delta 15 -numPeriods_middle 8 -numPeriods_delta 20 -maxStock_middle 43 -maxStock_delta 24 -holdingCost_range_middle 14 -holdingCost_range_delta 20 -procCost_range_middle 41 -procCost_range_delta 18 -demand_range_middle 41 -demand_range_delta 5 -children_range_cardMiddle 8 -children_range_cardDelta 1 -children_range_inner_middle 47 -children_range_inner_delta 22,c7212b3ee44a7d2634da7295e8767e92,sat + graded,92,1554189636,92
1,inst-108-1554189636,model,0,0,15.045,0,0,111.516,0,243746,yes,../wrapper.py 108 1 1554189636 tuning -numNodes_middle 49 -numNodes_delta 15 -numLeaves_middle 4 -numLeaves_delta 5 -numPeriods_middle 33 -numPeriods_delta 24 -maxStock_middle 49 -maxStock_delta 22 -holdingCost_range_middle 8 -holdingCost_range_delta 22 -procCost_range_middle 11 -procCost_range_delta 5 -demand_range_middle 1 -demand_range_delta 24 -children_range_cardMiddle 15 -children_range_cardDelta 0 -children_range_inner_middle 38 -children_range_inner_delta 13,5c2c1cd0d5f34bf43453a76d77317a12,sat + graded,108,1554189636,108
1,inst-108-1554189636,model,1,0,15.025,0,0,132.915,0,283078,yes,../wrapper.py 108 1 1554189636 tuning -numNodes_middle 49 -numNodes_delta 15 -numLeaves_middle 4 -numLeaves_delta 5 -numPeriods_middle 33 -numPeriods_delta 24 -maxStock_middle 49 -maxStock_delta 22 -holdingCost_range_middle 8 -holdingCost_range_delta 22 -procCost_range_middle 11 -procCost_range_delta 5 -demand_range_middle 1 -demand_range_delta 24 -children_range_cardMiddle 15 -children_range_cardDelta 0 -children_range_inner_middle 38 -children_range_inner_delta 13,5c2c1cd0d5f34bf43453a76d77317a12,sat + graded,108,1554189636,108
1,inst-108-1554189636,model,2,0,13.063,0,0,140.098,0,282094,yes,../wrapper.py 108 1 1554189636 tuning -numNodes_middle 49 -numNodes_delta 15 -numLeaves_middle 4 -numLeaves_delta 5 -numPeriods_middle 33 -numPeriods_delta 24 -maxStock_middle 49 -maxStock_delta 22 -holdingCost_range_middle 8 -holdingCost_range_delta 22 -procCost_range_middle 11 -procCost_range_delta 5 -demand_range_middle 1 -demand_range_delta 24 -children_range_cardMiddle 15 -children_range_cardDelta 0 -children_range_inner_middle 38 -children_range_inner_delta 13,5c2c1cd0d5f34bf43453a76d77317a12,sat + graded,108,1554189636,108
1,inst-108-1554189636,model,3,0,13.998,0,0,122.174,0,256817,yes,../wrapper.py 108 1 1554189636 tuning -numNodes_middle 49 -numNodes_delta 15 -numLeaves_middle 4 -numLeaves_delta 5 -numPeriods_middle 33 -numPeriods_delta 24 -maxStock_middle 49 -maxStock_delta 22 -holdingCost_range_middle 8 -holdingCost_range_delta 22 -procCost_range_middle 11 -procCost_range_delta 5 -demand_range_middle 1 -demand_range_delta 24 -children_range_cardMiddle 15 -children_range_cardDelta 0 -children_range_inner_middle 38 -children_range_inner_delta 13,5c2c1cd0d5f34bf43453a76d77317a12,sat + graded,108,1554189636,108
1,inst-108-1554189636,model,4,0,13.969,0,0,122.975,0,261072,yes,../wrapper.py 108 1 1554189636 tuning -numNodes_middle 49 -numNodes_delta 15 -numLeaves_middle 4 -numLeaves_delta 5 -numPeriods_middle 33 -numPeriods_delta 24 -maxStock_middle 49 -maxStock_delta 22 -holdingCost_range_middle 8 -holdingCost_range_delta 22 -procCost_range_middle 11 -procCost_range_delta 5 -demand_range_middle 1 -demand_range_delta 24 -children_range_cardMiddle 15 -children_range_cardDelta 0 -children_range_inner_middle 38 -children_range_inner_delta 13,5c2c1cd0d5f34bf43453a76d77317a12,sat + graded,108,1554189636,108
1,inst-108-1838528750,model,0,0,11.937,0,0,24.6177,0,97365,yes,../wrapper.py 108 1 1838528750 tuning -numNodes_middle 49 -numNodes_delta 15 -numLeaves_middle 4 -numLeaves_delta 5 -numPeriods_middle 33 -numPeriods_delta 24 -maxStock_middle 49 -maxStock_delta 22 -holdingCost_range_middle 8 -holdingCost_range_delta 22 -procCost_range_middle 11 -procCost_range_delta 5 -demand_range_middle 1 -demand_range_delta 24 -children_range_cardMiddle 15 -children_range_cardDelta 0 -children_range_inner_middle 38 -children_range_inner_delta 13,547faa376bcad2564f0c5fe80fa94f1a,sat + graded,108,1838528750,108
1,inst-108-1838528750,model,1,0,12.107,0,0,22.4458,0,90832,yes,../wrapper.py 108 1 1838528750 tuning -numNodes_middle 49 -numNodes_delta 15 -numLeaves_middle 4 -numLeaves_delta 5 -numPeriods_middle 33 -numPeriods_delta 24 -maxStock_middle 49 -maxStock_delta 22 -holdingCost_range_middle 8 -holdingCost_range_delta 22 -procCost_range_middle 11 -procCost_range_delta 5 -demand_range_middle 1 -demand_range_delta 24 -children_range_cardMiddle 15 -children_range_cardDelta 0 -children_range_inner_middle 38 -children_range_inner_delta 13,547faa376bcad2564f0c5fe80fa94f1a,sat + graded,108,1838528750,108
1,inst-108-1838528750,model,2,0,11.963,0,0,24.0689,0,96169,yes,../wrapper.py 108 1 1838528750 tuning -numNodes_middle 49 -numNodes_delta 15 -numLeaves_middle 4 -numLeaves_delta 5 -numPeriods_middle 33 -numPeriods_delta 24 -maxStock_middle 49 -maxStock_delta 22 -holdingCost_range_middle 8 -holdingCost_range_delta 22 -procCost_range_middle 11 -procCost_range_delta 5 -demand_range_middle 1 -demand_range_delta 24 -children_range_cardMiddle 15 -children_range_cardDelta 0 -children_range_inner_middle 38 -children_range_inner_delta 13,547faa376bcad2564f0c5fe80fa94f1a,sat + graded,108,1838528750,108
1,inst-108-1838528750,model,3,0,12.022,0,0,25.8569,0,100979,yes,../wrapper.py 108 1 1838528750 tuning -numNodes_middle 49 -numNodes_delta 15 -numLeaves_middle 4 -numLeaves_delta 5 -numPeriods_middle 33 -numPeriods_delta 24 -maxStock_middle 49 -maxStock_delta 22 -holdingCost_range_middle 8 -holdingCost_range_delta 22 -procCost_range_middle 11 -procCost_range_delta 5 -demand_range_middle 1 -demand_range_delta 24 -children_range_cardMiddle 15 -children_range_cardDelta 0 -children_range_inner_middle 38 -children_range_inner_delta 13,547faa376bcad2564f0c5fe80fa94f1a,sat + graded,108,1838528750,108
1,inst-108-1838528750,model,4,0,11.142,0,0,23.186,0,93310,yes,../wrapper.py 108 1 1838528750 tuning -numNodes_middle 49 -numNodes_delta 15 -numLeaves_middle 4 -numLeaves_delta 5 -numPeriods_middle 33 -numPeriods_delta 24 -maxStock_middle 49 -maxStock_delta 22 -holdingCost_range_middle 8 -holdingCost_range_delta 22 -procCost_range_middle 11 -procCost_range_delta 5 -demand_range_middle 1 -demand_range_delta 24 -children_range_cardMiddle 15 -children_range_cardDelta 0 -children_range_inner_middle 38 -children_range_inner_delta 13,547faa376bcad2564f0c5fe80fa94f1a,sat + graded,108,1838528750,108
1,inst-130-137027669,model,0,0,15.068,0,0,51.2584,0,216172,yes,../wrapper.py 130 1 137027669 tuning -numNodes_middle 33 -numNodes_delta 15 -numLeaves_middle 7 -numLeaves_delta 23 -numPeriods_middle 20 -numPeriods_delta 15 -maxStock_middle 26 -maxStock_delta 20 -holdingCost_range_middle 4 -holdingCost_range_delta 13 -procCost_range_middle 17 -procCost_range_delta 23 -demand_range_middle 34 -demand_range_delta 7 -children_range_cardMiddle 17 -children_range_cardDelta 2 -children_range_inner_middle 48 -children_range_inner_delta 18,354f8d4dffd8ac5a5df0571f7218d7d9,sat + graded,130,137027669,130
1,inst-130-137027669,model,1,0,13.989,0,0,69.3681,0,268393,yes,../wrapper.py 130 1 137027669 tuning -numNodes_middle 33 -numNodes_delta 15 -numLeaves_middle 7 -numLeaves_delta 23 -numPeriods_middle 20 -numPeriods_delta 15 -maxStock_middle 26 -maxStock_delta 20 -holdingCost_range_middle 4 -holdingCost_range_delta 13 -procCost_range_middle 17 -procCost_range_delta 23 -demand_range_middle 34 -demand_range_delta 7 -children_range_cardMiddle 17 -children_range_cardDelta 2 -children_range_inner_middle 48 -children_range_inner_delta 18,354f8d4dffd8ac5a5df0571f7218d7d9,sat + graded,130,137027669,130
1,inst-130-137027669,model,2,0,14.069,0,0,68.5853,0,268384,yes,../wrapper.py 130 1 137027669 tuning -numNodes_middle 33 -numNodes_delta 15 -numLeaves_middle 7 -numLeaves_delta 23 -numPeriods_middle 20 -numPeriods_delta 15 -maxStock_middle 26 -maxStock_delta 20 -holdingCost_range_middle 4 -holdingCost_range_delta 13 -procCost_range_middle 17 -procCost_range_delta 23 -demand_range_middle 34 -demand_range_delta 7 -children_range_cardMiddle 17 -children_range_cardDelta 2 -children_range_inner_middle 48 -children_range_inner_delta 18,354f8d4dffd8ac5a5df0571f7218d7d9,sat + graded,130,137027669,130
1,inst-130-137027669,model,3,0,14.97,0,0,68.8873,0,283598,yes,../wrapper.py 130 1 137027669 tuning -numNodes_middle 33 -numNodes_delta 15 -numLeaves_middle 7 -numLeaves_delta 23 -numPeriods_middle 20 -numPeriods_delta 15 -maxStock_middle 26 -maxStock_delta 20 -holdingCost_range_middle 4 -holdingCost_range_delta 13 -procCost_range_middle 17 -procCost_range_delta 23 -demand_range_middle 34 -demand_range_delta 7 -children_range_cardMiddle 17 -children_range_cardDelta 2 -children_range_inner_middle 48 -children_range_inner_delta 18,354f8d4dffd8ac5a5df0571f7218d7d9,sat + graded,130,137027669,130
1,inst-130-137027669,model,4,0,14.029,0,0,61.5959,0,266306,yes,../wrapper.py 130 1 137027669 tuning -numNodes_middle 33 -numNodes_delta 15 -numLeaves_middle 7 -numLeaves_delta 23 -numPeriods_middle 20 -numPeriods_delta 15 -maxStock_middle 26 -maxStock_delta 20 -holdingCost_range_middle 4 -holdingCost_range_delta 13 -procCost_range_middle 17 -procCost_range_delta 23 -demand_range_middle 34 -demand_range_delta 7 -children_range_cardMiddle 17 -children_range_cardDelta 2 -children_range_inner_middle 48 -children_range_inner_delta 18,354f8d4dffd8ac5a5df0571f7218d7d9,sat + graded,130,137027669,130
1,inst-131-137027669,model,0,0,8.037,0,0,17.8436,0,149576,yes,../wrapper.py 131 1 137027669 tuning -numNodes_middle 36 -numNodes_delta 15 -numLeaves_middle 17 -numLeaves_delta 9 -numPeriods_middle 12 -numPeriods_delta 16 -maxStock_middle 30 -maxStock_delta 12 -holdingCost_range_middle 14 -holdingCost_range_delta 16 -procCost_range_middle 13 -procCost_range_delta 22 -demand_range_middle 12 -demand_range_delta 12 -children_range_cardMiddle 11 -children_range_cardDelta 2 -children_range_inner_middle 41 -children_range_inner_delta 8,165d9f6528df9724bf99347d6bec07d4,sat + graded,131,137027669,131
1,inst-131-137027669,model,1,0,7.054,0,0,12.4893,0,109711,yes,../wrapper.py 131 1 137027669 tuning -numNodes_middle 36 -numNodes_delta 15 -numLeaves_middle 17 -numLeaves_delta 9 -numPeriods_middle 12 -numPeriods_delta 16 -maxStock_middle 30 -maxStock_delta 12 -holdingCost_range_middle 14 -holdingCost_range_delta 16 -procCost_range_middle 13 -procCost_range_delta 22 -demand_range_middle 12 -demand_range_delta 12 -children_range_cardMiddle 11 -children_range_cardDelta 2 -children_range_inner_middle 41 -children_range_inner_delta 8,165d9f6528df9724bf99347d6bec07d4,sat + graded,131,137027669,131
1,inst-131-137027669,model,2,0,7.05,0,0,24.372,0,221985,yes,../wrapper.py 131 1 137027669 tuning -numNodes_middle 36 -numNodes_delta 15 -numLeaves_middle 17 -numLeaves_delta 9 -numPeriods_middle 12 -numPeriods_delta 16 -maxStock_middle 30 -maxStock_delta 12 -holdingCost_range_middle 14 -holdingCost_range_delta 16 -procCost_range_middle 13 -procCost_range_delta 22 -demand_range_middle 12 -demand_range_delta 12 -children_range_cardMiddle 11 -children_range_cardDelta 2 -children_range_inner_middle 41 -children_range_inner_delta 8,165d9f6528df9724bf99347d6bec07d4,sat + graded,131,137027669,131
1,inst-131-137027669,model,3,0,7.783,0,0,10.3809,0,96851,yes,../wrapper.py 131 1 137027669 tuning -numNodes_middle 36 -numNodes_delta 15 -numLeaves_middle 17 -numLeaves_delta 9 -numPeriods_middle 12 -numPeriods_delta 16 -maxStock_middle 30 -maxStock_delta 12 -holdingCost_range_middle 14 -holdingCost_range_delta 16 -procCost_range_middle 13 -procCost_range_delta 22 -demand_range_middle 12 -demand_range_delta 12 -children_range_cardMiddle 11 -children_range_cardDelta 2 -children_range_inner_middle 41 -children_range_inner_delta 8,165d9f6528df9724bf99347d6bec07d4,sat + graded,131,137027669,131
1,inst-131-137027669,model,4,0,7.919,0,0,17.0611,0,137263,yes,../wrapper.py 131 1 137027669 tuning -numNodes_middle 36 -numNodes_delta 15 -numLeaves_middle 17 -numLeaves_delta 9 -numPeriods_middle 12 -numPeriods_delta 16 -maxStock_middle 30 -maxStock_delta 12 -holdingCost_range_middle 14 -holdingCost_range_delta 16 -procCost_range_middle 13 -procCost_range_delta 22 -demand_range_middle 12 -demand_range_delta 12 -children_range_cardMiddle 11 -children_range_cardDelta 2 -children_range_inner_middle 41 -children_range_inner_delta 8,165d9f6528df9724bf99347d6bec07d4,sat + graded,131,137027669,131
1,inst-149-1353804019,model,0,0,9.038,0,0,215.215,0,1081736,yes,../wrapper.py 149 1 1353804019 tuning -numNodes_middle 29 -numNodes_delta 2 -numLeaves_middle 12 -numLeaves_delta 8 -numPeriods_middle 9 -numPeriods_delta 4 -maxStock_middle 26 -maxStock_delta 15 -holdingCost_range_middle 10 -holdingCost_range_delta 9 -procCost_range_middle 9 -procCost_range_delta 18 -demand_range_middle 16 -demand_range_delta 7 -children_range_cardMiddle 14 -children_range_cardDelta 1 -children_range_inner_middle 31 -children_range_inner_delta 12,041777a48e64db1f320120f71664b5a7,sat + graded,149,1353804019,149
1,inst-149-1353804019,model,1,0,8.037,0,0,195.565,0,961771,yes,../wrapper.py 149 1 1353804019 tuning -numNodes_middle 29 -numNodes_delta 2 -numLeaves_middle 12 -numLeaves_delta 8 -numPeriods_middle 9 -numPeriods_delta 4 -maxStock_middle 26 -maxStock_delta 15 -holdingCost_range_middle 10 -holdingCost_range_delta 9 -procCost_range_middle 9 -procCost_range_delta 18 -demand_range_middle 16 -demand_range_delta 7 -children_range_cardMiddle 14 -children_range_cardDelta 1 -children_range_inner_middle 31 -children_range_inner_delta 12,041777a48e64db1f320120f71664b5a7,sat + graded,149,1353804019,149
1,inst-149-1353804019,model,2,0,8.046,0,0,167.331,0,853041,yes,../wrapper.py 149 1 1353804019 tuning -numNodes_middle 29 -numNodes_delta 2 -numLeaves_middle 12 -numLeaves_delta 8 -numPeriods_middle 9 -numPeriods_delta 4 -maxStock_middle 26 -maxStock_delta 15 -holdingCost_range_middle 10 -holdingCost_range_delta 9 -procCost_range_middle 9 -procCost_range_delta 18 -demand_range_middle 16 -demand_range_delta 7 -children_range_cardMiddle 14 -children_range_cardDelta 1 -children_range_inner_middle 31 -children_range_inner_delta 12,041777a48e64db1f320120f71664b5a7,sat + graded,149,1353804019,149
1,inst-149-1353804019,model,3,0,7.969,0,0,278.585,0,1439306,yes,../wrapper.py 149 1 1353804019 tuning -numNodes_middle 29 -numNodes_delta 2 -numLeaves_middle 12 -numLeaves_delta 8 -numPeriods_middle 9 -numPeriods_delta 4 -maxStock_middle 26 -maxStock_delta 15 -holdingCost_range_middle 10 -holdingCost_range_delta 9 -procCost_range_middle 9 -procCost_range_delta 18 -demand_range_middle 16 -demand_range_delta 7 -children_range_cardMiddle 14 -children_range_cardDelta 1 -children_range_inner_middle 31 -children_range_inner_delta 12,041777a48e64db1f320120f71664b5a7,sat + graded,149,1353804019,149
1,inst-149-1353804019,model,4,0,7.978,0,0,113.715,0,596940,yes,../wrapper.py 149 1 1353804019 tuning -numNodes_middle 29 -numNodes_delta 2 -numLeaves_middle 12 -numLeaves_delta 8 -numPeriods_middle 9 -numPeriods_delta 4 -maxStock_middle 26 -maxStock_delta 15 -holdingCost_range_middle 10 -holdingCost_range_delta 9 -procCost_range_middle 9 -procCost_range_delta 18 -demand_range_middle 16 -demand_range_delta 7 -children_range_cardMiddle 14 -children_range_cardDelta 1 -children_range_inner_middle 31 -children_range_inner_delta 12,041777a48e64db1f320120f71664b5a7,sat + graded,149,1353804019,149
1,inst-149-720453903,model,0,0,6.941,0,0,29.1136,0,170286,yes,../wrapper.py 149 1 720453903 tuning -numNodes_middle 29 -numNodes_delta 2 -numLeaves_middle 12 -numLeaves_delta 8 -numPeriods_middle 9 -numPeriods_delta 4 -maxStock_middle 26 -maxStock_delta 15 -holdingCost_range_middle 10 -holdingCost_range_delta 9 -procCost_range_middle 9 -procCost_range_delta 18 -demand_range_middle 16 -demand_range_delta 7 -children_range_cardMiddle 14 -children_range_cardDelta 1 -children_range_inner_middle 31 -children_range_inner_delta 12,f0524943e9f10783292124fd644e8635,sat + graded,149,720453903,149
1,inst-149-720453903,model,1,0,6.031,0,0,30.6247,0,192251,yes,../wrapper.py 149 1 720453903 tuning -numNodes_middle 29 -numNodes_delta 2 -numLeaves_middle 12 -numLeaves_delta 8 -numPeriods_middle 9 -numPeriods_delta 4 -maxStock_middle 26 -maxStock_delta 15 -holdingCost_range_middle 10 -holdingCost_range_delta 9 -procCost_range_middle 9 -procCost_range_delta 18 -demand_range_middle 16 -demand_range_delta 7 -children_range_cardMiddle 14 -children_range_cardDelta 1 -children_range_inner_middle 31 -children_range_inner_delta 12,f0524943e9f10783292124fd644e8635,sat + graded,149,720453903,149
1,inst-149-720453903,model,2,0,6.987,0,0,21.856,0,145040,yes,../wrapper.py 149 1 720453903 tuning -numNodes_middle 29 -numNodes_delta 2 -numLeaves_middle 12 -numLeaves_delta 8 -numPeriods_middle 9 -numPeriods_delta 4 -maxStock_middle 26 -maxStock_delta 15 -holdingCost_range_middle 10 -holdingCost_range_delta 9 -procCost_range_middle 9 -procCost_range_delta 18 -demand_range_middle 16 -demand_range_delta 7 -children_range_cardMiddle 14 -children_range_cardDelta 1 -children_range_inner_middle 31 -children_range_inner_delta 12,f0524943e9f10783292124fd644e8635,sat + graded,149,720453903,149
1,inst-149-720453903,model,3,0,6.846,0,0,23.7901,0,131199,yes,../wrapper.py 149 1 720453903 tuning -numNodes_middle 29 -numNodes_delta 2 -numLeaves_middle 12 -numLeaves_delta 8 -numPeriods_middle 9 -numPeriods_delta 4 -maxStock_middle 26 -maxStock_delta 15 -holdingCost_range_middle 10 -holdingCost_range_delta 9 -procCost_range_middle 9 -procCost_range_delta 18 -demand_range_middle 16 -demand_range_delta 7 -children_range_cardMiddle 14 -children_range_cardDelta 1 -children_range_inner_middle 31 -children_range_inner_delta 12,f0524943e9f10783292124fd644e8635,sat + graded,149,720453903,149
1,inst-149-720453903,model,4,0,7.042,0,0,26.6791,0,166936,yes,../wrapper.py 149 1 720453903 tuning -numNodes_middle 29 -numNodes_delta 2 -numLeaves_middle 12 -numLeaves_delta 8 -numPeriods_middle 9 -numPeriods_delta 4 -maxStock_middle 26 -maxStock_delta 15 -holdingCost_range_middle 10 -holdingCost_range_delta 9 -procCost_range_middle 9 -procCost_range_delta 18 -demand_range_middle 16 -demand_range_delta 7 -children_range_cardMiddle 14 -children_range_cardDelta 1 -children_range_inner_middle 31 -children_range_inner_delta 12,f0524943e9f10783292124fd644e8635,sat + graded,149,720453903,149
1,inst-152-137027669,model,0,0,7.827,0,0,12.7724,0,51639,yes,../wrapper.py 152 1 137027669 tuning -numNodes_middle 13 -numNodes_delta 12 -numLeaves_middle 7 -numLeaves_delta 15 -numPeriods_middle 14 -numPeriods_delta 12 -maxStock_middle 49 -maxStock_delta 12 -holdingCost_range_middle 1 -holdingCost_range_delta 19 -procCost_range_middle 9 -procCost_range_delta 10 -demand_range_middle 31 -demand_range_delta 11 -children_range_cardMiddle 4 -children_range_cardDelta 2 -children_range_inner_middle 35 -children_range_inner_delta 20,2b452ded87be028da1ed9b4139c8bf00,sat + graded,152,137027669,152
1,inst-152-137027669,model,1,0,7.118,0,0,15.7122,0,66008,yes,../wrapper.py 152 1 137027669 tuning -numNodes_middle 13 -numNodes_delta 12 -numLeaves_middle 7 -numLeaves_delta 15 -numPeriods_middle 14 -numPeriods_delta 12 -maxStock_middle 49 -maxStock_delta 12 -holdingCost_range_middle 1 -holdingCost_range_delta 19 -procCost_range_middle 9 -procCost_range_delta 10 -demand_range_middle 31 -demand_range_delta 11 -children_range_cardMiddle 4 -children_range_cardDelta 2 -children_range_inner_middle 35 -children_range_inner_delta 20,2b452ded87be028da1ed9b4139c8bf00,sat + graded,152,137027669,152
1,inst-152-137027669,model,2,0,7.118,0,0,16.2834,0,67028,yes,../wrapper.py 152 1 137027669 tuning -numNodes_middle 13 -numNodes_delta 12 -numLeaves_middle 7 -numLeaves_delta 15 -numPeriods_middle 14 -numPeriods_delta 12 -maxStock_middle 49 -maxStock_delta 12 -holdingCost_range_middle 1 -holdingCost_range_delta 19 -procCost_range_middle 9 -procCost_range_delta 10 -demand_range_middle 31 -demand_range_delta 11 -children_range_cardMiddle 4 -children_range_cardDelta 2 -children_range_inner_middle 35 -children_range_inner_delta 20,2b452ded87be028da1ed9b4139c8bf00,sat + graded,152,137027669,152
1,inst-152-137027669,model,3,0,8.981,0,0,14.9622,0,61873,yes,../wrapper.py 152 1 137027669 tuning -numNodes_middle 13 -numNodes_delta 12 -numLeaves_middle 7 -numLeaves_delta 15 -numPeriods_middle 14 -numPeriods_delta 12 -maxStock_middle 49 -maxStock_delta 12 -holdingCost_range_middle 1 -holdingCost_range_delta 19 -procCost_range_middle 9 -procCost_range_delta 10 -demand_range_middle 31 -demand_range_delta 11 -children_range_cardMiddle 4 -children_range_cardDelta 2 -children_range_inner_middle 35 -children_range_inner_delta 20,2b452ded87be028da1ed9b4139c8bf00,sat + graded,152,137027669,152
1,inst-152-137027669,model,4,0,8.869,0,0,14.1846,0,61285,yes,../wrapper.py 152 1 137027669 tuning -numNodes_middle 13 -numNodes_delta 12 -numLeaves_middle 7 -numLeaves_delta 15 -numPeriods_middle 14 -numPeriods_delta 12 -maxStock_middle 49 -maxStock_delta 12 -holdingCost_range_middle 1 -holdingCost_range_delta 19 -procCost_range_middle 9 -procCost_range_delta 10 -demand_range_middle 31 -demand_range_delta 11 -children_range_cardMiddle 4 -children_range_cardDelta 2 -children_range_inner_middle 35 -children_range_inner_delta 20,2b452ded87be028da1ed9b4139c8bf00,sat + graded,152,137027669,152
1,inst-172-1805206009,model,0,0,11.108,0,0,46.0021,0,182508,yes,../wrapper.py 172 1 1805206009 tuning -numNodes_middle 27 -numNodes_delta 21 -numLeaves_middle 10 -numLeaves_delta 9 -numPeriods_middle 18 -numPeriods_delta 16 -maxStock_middle 44 -maxStock_delta 18 -holdingCost_range_middle 3 -holdingCost_range_delta 20 -procCost_range_middle 6 -procCost_range_delta 14 -demand_range_middle 0 -demand_range_delta 11 -children_range_cardMiddle 13 -children_range_cardDelta 2 -children_range_inner_middle 45 -children_range_inner_delta 17,224ff2c13f46a380531e1730c29376bb,sat + graded,172,1805206009,172
1,inst-172-1805206009,model,1,0,10.121,0,0,42.3894,0,171719,yes,../wrapper.py 172 1 1805206009 tuning -numNodes_middle 27 -numNodes_delta 21 -numLeaves_middle 10 -numLeaves_delta 9 -numPeriods_middle 18 -numPeriods_delta 16 -maxStock_middle 44 -maxStock_delta 18 -holdingCost_range_middle 3 -holdingCost_range_delta 20 -procCost_range_middle 6 -procCost_range_delta 14 -demand_range_middle 0 -demand_range_delta 11 -children_range_cardMiddle 13 -children_range_cardDelta 2 -children_range_inner_middle 45 -children_range_inner_delta 17,224ff2c13f46a380531e1730c29376bb,sat + graded,172,1805206009,172
1,inst-172-1805206009,model,2,0,11.004,0,0,40.3988,0,162309,yes,../wrapper.py 172 1 1805206009 tuning -numNodes_middle 27 -numNodes_delta 21 -numLeaves_middle 10 -numLeaves_delta 9 -numPeriods_middle 18 -numPeriods_delta 16 -maxStock_middle 44 -maxStock_delta 18 -holdingCost_range_middle 3 -holdingCost_range_delta 20 -procCost_range_middle 6 -procCost_range_delta 14 -demand_range_middle 0 -demand_range_delta 11 -children_range_cardMiddle 13 -children_range_cardDelta 2 -children_range_inner_middle 45 -children_range_inner_delta 17,224ff2c13f46a380531e1730c29376bb,sat + graded,172,1805206009,172
1,inst-172-1805206009,model,3,0,10.913,0,0,45.6145,0,181107,yes,../wrapper.py 172 1 1805206009 tuning -numNodes_middle 27 -numNodes_delta 21 -numLeaves_middle 10 -numLeaves_delta 9 -numPeriods_middle 18 -numPeriods_delta 16 -maxStock_middle 44 -maxStock_delta 18 -holdingCost_range_middle 3 -holdingCost_range_delta 20 -procCost_range_middle 6 -procCost_range_delta 14 -demand_range_middle 0 -demand_range_delta 11 -children_range_cardMiddle 13 -children_range_cardDelta 2 -children_range_inner_middle 45 -children_range_inner_delta 17,224ff2c13f46a380531e1730c29376bb,sat + graded,172,1805206009,172
1,inst-172-1805206009,model,4,0,10.99,0,0,46.0447,0,184783,yes,../wrapper.py 172 1 1805206009 tuning -numNodes_middle 27 -numNodes_delta 21 -numLeaves_middle 10 -numLeaves_delta 9 -numPeriods_middle 18 -numPeriods_delta 16 -maxStock_middle 44 -maxStock_delta 18 -holdingCost_range_middle 3 -holdingCost_range_delta 20 -procCost_range_middle 6 -procCost_range_delta 14 -demand_range_middle 0 -demand_range_delta 11 -children_range_cardMiddle 13 -children_range_cardDelta 2 -children_range_inner_middle 45 -children_range_inner_delta 17,224ff2c13f46a380531e1730c29376bb,sat + graded,172,1805206009,172
1,inst-172-1939352993,model,0,0,7.731,0,0,77.3751,0,539263,yes,../wrapper.py 172 1 1939352993 tuning -numNodes_middle 27 -numNodes_delta 21 -numLeaves_middle 10 -numLeaves_delta 9 -numPeriods_middle 18 -numPeriods_delta 16 -maxStock_middle 44 -maxStock_delta 18 -holdingCost_range_middle 3 -holdingCost_range_delta 20 -procCost_range_middle 6 -procCost_range_delta 14 -demand_range_middle 0 -demand_range_delta 11 -children_range_cardMiddle 13 -children_range_cardDelta 2 -children_range_inner_middle 45 -children_range_inner_delta 17,46eefaef5fa92d4943b5038f27914bb2,sat + graded,172,1939352993,172
1,inst-172-1939352993,model,1,0,7.023,0,0,50.9723,0,345299,yes,../wrapper.py 172 1 1939352993 tuning -numNodes_middle 27 -numNodes_delta 21 -numLeaves_middle 10 -numLeaves_delta 9 -numPeriods_middle 18 -numPeriods_delta 16 -maxStock_middle 44 -maxStock_delta 18 -holdingCost_range_middle 3 -holdingCost_range_delta 20 -procCost_range_middle 6 -procCost_range_delta 14 -demand_range_middle 0 -demand_range_delta 11 -children_range_cardMiddle 13 -children_range_cardDelta 2 -children_range_inner_middle 45 -children_range_inner_delta 17,46eefaef5fa92d4943b5038f27914bb2,sat + graded,172,1939352993,172
1,inst-172-1939352993,model,2,0,6.102,0,0,75.7336,0,505775,yes,../wrapper.py 172 1 1939352993 tuning -numNodes_middle 27 -numNodes_delta 21 -numLeaves_middle 10 -numLeaves_delta 9 -numPeriods_middle 18 -numPeriods_delta 16 -maxStock_middle 44 -maxStock_delta 18 -holdingCost_range_middle 3 -holdingCost_range_delta 20 -procCost_range_middle 6 -procCost_range_delta 14 -demand_range_middle 0 -demand_range_delta 11 -children_range_cardMiddle 13 -children_range_cardDelta 2 -children_range_inner_middle 45 -children_range_inner_delta 17,46eefaef5fa92d4943b5038f27914bb2,sat + graded,172,1939352993,172
1,inst-172-1939352993,model,3,0,6.06,0,0,138.934,0,920876,yes,../wrapper.py 172 1 1939352993 tuning -numNodes_middle 27 -numNodes_delta 21 -numLeaves_middle 10 -numLeaves_delta 9 -numPeriods_middle 18 -numPeriods_delta 16 -maxStock_middle 44 -maxStock_delta 18 -holdingCost_range_middle 3 -holdingCost_range_delta 20 -procCost_range_middle 6 -procCost_range_delta 14 -demand_range_middle 0 -demand_range_delta 11 -children_range_cardMiddle 13 -children_range_cardDelta 2 -children_range_inner_middle 45 -children_range_inner_delta 17,46eefaef5fa92d4943b5038f27914bb2,sat + graded,172,1939352993,172
1,inst-172-1939352993,model,4,0,7.002,0,0,141.231,0,934005,yes,../wrapper.py 172 1 1939352993 tuning -numNodes_middle 27 -numNodes_delta 21 -numLeaves_middle 10 -numLeaves_delta 9 -numPeriods_middle 18 -numPeriods_delta 16 -maxStock_middle 44 -maxStock_delta 18 -holdingCost_range_middle 3 -holdingCost_range_delta 20 -procCost_range_middle 6 -procCost_range_delta 14 -demand_range_middle 0 -demand_range_delta 11 -children_range_cardMiddle 13 -children_range_cardDelta 2 -children_range_inner_middle 45 -children_range_inner_delta 17,46eefaef5fa92d4943b5038f27914bb2,sat + graded,172,1939352993,172
1,inst-172-725023408,model,0,0,5.965,0,0,32.2116,0,546438,yes,../wrapper.py 172 1 725023408 tuning -numNodes_middle 27 -numNodes_delta 21 -numLeaves_middle 10 -numLeaves_delta 9 -numPeriods_middle 18 -numPeriods_delta 16 -maxStock_middle 44 -maxStock_delta 18 -holdingCost_range_middle 3 -holdingCost_range_delta 20 -procCost_range_middle 6 -procCost_range_delta 14 -demand_range_middle 0 -demand_range_delta 11 -children_range_cardMiddle 13 -children_range_cardDelta 2 -children_range_inner_middle 45 -children_range_inner_delta 17,becce5aa07749481149e859f674b8696,sat + graded,172,725023408,172
1,inst-172-725023408,model,1,0,5.952,0,0,17.2543,0,299488,yes,../wrapper.py 172 1 725023408 tuning -numNodes_middle 27 -numNodes_delta 21 -numLeaves_middle 10 -numLeaves_delta 9 -numPeriods_middle 18 -numPeriods_delta 16 -maxStock_middle 44 -maxStock_delta 18 -holdingCost_range_middle 3 -holdingCost_range_delta 20 -procCost_range_middle 6 -procCost_range_delta 14 -demand_range_middle 0 -demand_range_delta 11 -children_range_cardMiddle 13 -children_range_cardDelta 2 -children_range_inner_middle 45 -children_range_inner_delta 17,becce5aa07749481149e859f674b8696,sat + graded,172,725023408,172
1,inst-172-725023408,model,2,0,5.095,0,0,17.9235,0,297882,yes,../wrapper.py 172 1 725023408 tuning -numNodes_middle 27 -numNodes_delta 21 -numLeaves_middle 10 -numLeaves_delta 9 -numPeriods_middle 18 -numPeriods_delta 16 -maxStock_middle 44 -maxStock_delta 18 -holdingCost_range_middle 3 -holdingCost_range_delta 20 -procCost_range_middle 6 -procCost_range_delta 14 -demand_range_middle 0 -demand_range_delta 11 -children_range_cardMiddle 13 -children_range_cardDelta 2 -children_range_inner_middle 45 -children_range_inner_delta 17,becce5aa07749481149e859f674b8696,sat + graded,172,725023408,172
1,inst-172-725023408,model,3,0,5.051,0,0,19.2149,0,334035,yes,../wrapper.py 172 1 725023408 tuning -numNodes_middle 27 -numNodes_delta 21 -numLeaves_middle 10 -numLeaves_delta 9 -numPeriods_middle 18 -numPeriods_delta 16 -maxStock_middle 44 -maxStock_delta 18 -holdingCost_range_middle 3 -holdingCost_range_delta 20 -procCost_range_middle 6 -procCost_range_delta 14 -demand_range_middle 0 -demand_range_delta 11 -children_range_cardMiddle 13 -children_range_cardDelta 2 -children_range_inner_middle 45 -children_range_inner_delta 17,becce5aa07749481149e859f674b8696,sat + graded,172,725023408,172
1,inst-172-725023408,model,4,0,5.922,0,0,25.8049,0,438532,yes,../wrapper.py 172 1 725023408 tuning -numNodes_middle 27 -numNodes_delta 21 -numLeaves_middle 10 -numLeaves_delta 9 -numPeriods_middle 18 -numPeriods_delta 16 -maxStock_middle 44 -maxStock_delta 18 -holdingCost_range_middle 3 -holdingCost_range_delta 20 -procCost_range_middle 6 -procCost_range_delta 14 -demand_range_middle 0 -demand_range_delta 11 -children_range_cardMiddle 13 -children_range_cardDelta 2 -children_range_inner_middle 45 -children_range_inner_delta 17,becce5aa07749481149e859f674b8696,sat + graded,172,725023408,172
1,inst-175-137027669,model,0,0,10.995,0,0,17.2871,0,119505,yes,../wrapper.py 175 1 137027669 tuning -numNodes_middle 39 -numNodes_delta 14 -numLeaves_middle 6 -numLeaves_delta 7 -numPeriods_middle 2 -numPeriods_delta 22 -maxStock_middle 49 -maxStock_delta 12 -holdingCost_range_middle 7 -holdingCost_range_delta 24 -procCost_range_middle 4 -procCost_range_delta 9 -demand_range_middle 4 -demand_range_delta 7 -children_range_cardMiddle 8 -children_range_cardDelta 2 -children_range_inner_middle 39 -children_range_inner_delta 14,9dd9b19023c6e26759d2c84aff4b7be0,sat + graded,175,137027669,175
1,inst-175-137027669,model,1,0,9.939,0,0,13.7895,0,95105,yes,../wrapper.py 175 1 137027669 tuning -numNodes_middle 39 -numNodes_delta 14 -numLeaves_middle 6 -numLeaves_delta 7 -numPeriods_middle 2 -numPeriods_delta 22 -maxStock_middle 49 -maxStock_delta 12 -holdingCost_range_middle 7 -holdingCost_range_delta 24 -procCost_range_middle 4 -procCost_range_delta 9 -demand_range_middle 4 -demand_range_delta 7 -children_range_cardMiddle 8 -children_range_cardDelta 2 -children_range_inner_middle 39 -children_range_inner_delta 14,9dd9b19023c6e26759d2c84aff4b7be0,sat + graded,175,137027669,175
1,inst-175-137027669,model,2,0,9.85,0,0,13.886,0,99619,yes,../wrapper.py 175 1 137027669 tuning -numNodes_middle 39 -numNodes_delta 14 -numLeaves_middle 6 -numLeaves_delta 7 -numPeriods_middle 2 -numPeriods_delta 22 -maxStock_middle 49 -maxStock_delta 12 -holdingCost_range_middle 7 -holdingCost_range_delta 24 -procCost_range_middle 4 -procCost_range_delta 9 -demand_range_middle 4 -demand_range_delta 7 -children_range_cardMiddle 8 -children_range_cardDelta 2 -children_range_inner_middle 39 -children_range_inner_delta 14,9dd9b19023c6e26759d2c84aff4b7be0,sat + graded,175,137027669,175
1,inst-175-137027669,model,3,0,9.028,0,0,14.3521,0,100272,yes,../wrapper.py 175 1 137027669 tuning -numNodes_middle 39 -numNodes_delta 14 -numLeaves_middle 6 -numLeaves_delta 7 -numPeriods_middle 2 -numPeriods_delta 22 -maxStock_middle 49 -maxStock_delta 12 -holdingCost_range_middle 7 -holdingCost_range_delta 24 -procCost_range_middle 4 -procCost_range_delta 9 -demand_range_middle 4 -demand_range_delta 7 -children_range_cardMiddle 8 -children_range_cardDelta 2 -children_range_inner_middle 39 -children_range_inner_delta 14,9dd9b19023c6e26759d2c84aff4b7be0,sat + graded,175,137027669,175
1,inst-175-137027669,model,4,0,9.102,0,0,15.6922,0,117089,yes,../wrapper.py 175 1 137027669 tuning -numNodes_middle 39 -numNodes_delta 14 -numLeaves_middle 6 -numLeaves_delta 7 -numPeriods_middle 2 -numPeriods_delta 22 -maxStock_middle 49 -maxStock_delta 12 -holdingCost_range_middle 7 -holdingCost_range_delta 24 -procCost_range_middle 4 -procCost_range_delta 9 -demand_range_middle 4 -demand_range_delta 7 -children_range_cardMiddle 8 -children_range_cardDelta 2 -children_range_inner_middle 39 -children_range_inner_delta 14,9dd9b19023c6e26759d2c84aff4b7be0,sat + graded,175,137027669,175
1,inst-175-1922954410,model,0,0,7.115,0,0,186.207,0,832201,yes,../wrapper.py 175 1 1922954410 tuning -numNodes_middle 39 -numNodes_delta 14 -numLeaves_middle 6 -numLeaves_delta 7 -numPeriods_middle 2 -numPeriods_delta 22 -maxStock_middle 49 -maxStock_delta 12 -holdingCost_range_middle 7 -holdingCost_range_delta 24 -procCost_range_middle 4 -procCost_range_delta 9 -demand_range_middle 4 -demand_range_delta 7 -children_range_cardMiddle 8 -children_range_cardDelta 2 -children_range_inner_middle 39 -children_range_inner_delta 14,65c16243f44dac11b1b6b2b6c4281f25,sat + graded,175,1922954410,175
1,inst-175-1922954410,model,1,0,7.017,0,0,223.486,0,950364,yes,../wrapper.py 175 1 1922954410 tuning -numNodes_middle 39 -numNodes_delta 14 -numLeaves_middle 6 -numLeaves_delta 7 -numPeriods_middle 2 -numPeriods_delta 22 -maxStock_middle 49 -maxStock_delta 12 -holdingCost_range_middle 7 -holdingCost_range_delta 24 -procCost_range_middle 4 -procCost_range_delta 9 -demand_range_middle 4 -demand_range_delta 7 -children_range_cardMiddle 8 -children_range_cardDelta 2 -children_range_inner_middle 39 -children_range_inner_delta 14,65c16243f44dac11b1b6b2b6c4281f25,sat + graded,175,1922954410,175
1,inst-175-1922954410,model,2,0,7.011,0,0,148.837,0,683607,yes,../wrapper.py 175 1 1922954410 tuning -numNodes_middle 39 -numNodes_delta 14 -numLeaves_middle 6 -numLeaves_delta 7 -numPeriods_middle 2 -numPeriods_delta 22 -maxStock_middle 49 -maxStock_delta 12 -holdingCost_range_middle 7 -holdingCost_range_delta 24 -procCost_range_middle 4 -procCost_range_delta 9 -demand_range_middle 4 -demand_range_delta 7 -children_range_cardMiddle 8 -children_range_cardDelta 2 -children_range_inner_middle 39 -children_range_inner_delta 14,65c16243f44dac11b1b6b2b6c4281f25,sat + graded,175,1922954410,175
1,inst-175-1922954410,model,3,0,7.068,0,0,107.411,0,527429,yes,../wrapper.py 175 1 1922954410 tuning -numNodes_middle 39 -numNodes_delta 14 -numLeaves_middle 6 -numLeaves_delta 7 -numPeriods_middle 2 -numPeriods_delta 22 -maxStock_middle 49 -maxStock_delta 12 -holdingCost_range_middle 7 -holdingCost_range_delta 24 -procCost_range_middle 4 -procCost_range_delta 9 -demand_range_middle 4 -demand_range_delta 7 -children_range_cardMiddle 8 -children_range_cardDelta 2 -children_range_inner_middle 39 -children_range_inner_delta 14,65c16243f44dac11b1b6b2b6c4281f25,sat + graded,175,1922954410,175
1,inst-175-1922954410,model,4,0,7.018,0,0,230.771,0,1111376,yes,../wrapper.py 175 1 1922954410 tuning -numNodes_middle 39 -numNodes_delta 14 -numLeaves_middle 6 -numLeaves_delta 7 -numPeriods_middle 2 -numPeriods_delta 22 -maxStock_middle 49 -maxStock_delta 12 -holdingCost_range_middle 7 -holdingCost_range_delta 24 -procCost_range_middle 4 -procCost_range_delta 9 -demand_range_middle 4 -demand_range_delta 7 -children_range_cardMiddle 8 -children_range_cardDelta 2 -children_range_inner_middle 39 -children_range_inner_delta 14,65c16243f44dac11b1b6b2b6c4281f25,sat + graded,175,1922954410,175
1,inst-175-720453903,model,0,0,22.077,0,0,228.005,0,318807,yes,../wrapper.py 175 1 720453903 tuning -numNodes_middle 39 -numNodes_delta 14 -numLeaves_middle 6 -numLeaves_delta 7 -numPeriods_middle 2 -numPeriods_delta 22 -maxStock_middle 49 -maxStock_delta 12 -holdingCost_range_middle 7 -holdingCost_range_delta 24 -procCost_range_middle 4 -procCost_range_delta 9 -demand_range_middle 4 -demand_range_delta 7 -children_range_cardMiddle 8 -children_range_cardDelta 2 -children_range_inner_middle 39 -children_range_inner_delta 14,0a5e146df2f403faa8264bb9d96ee9e0,sat + graded,175,720453903,175
1,inst-175-720453903,model,1,0,20.093,0,0,249.704,0,335575,yes,../wrapper.py 175 1 720453903 tuning -numNodes_middle 39 -numNodes_delta 14 -numLeaves_middle 6 -numLeaves_delta 7 -numPeriods_middle 2 -numPeriods_delta 22 -maxStock_middle 49 -maxStock_delta 12 -holdingCost_range_middle 7 -holdingCost_range_delta 24 -procCost_range_middle 4 -procCost_range_delta 9 -demand_range_middle 4 -demand_range_delta 7 -children_range_cardMiddle 8 -children_range_cardDelta 2 -children_range_inner_middle 39 -children_range_inner_delta 14,0a5e146df2f403faa8264bb9d96ee9e0,sat + graded,175,720453903,175
1,inst-175-720453903,model,2,0,20.99,0,0,245.568,0,333420,yes,../wrapper.py 175 1 720453903 tuning -numNodes_middle 39 -numNodes_delta 14 -numLeaves_middle 6 -numLeaves_delta 7 -numPeriods_middle 2 -numPeriods_delta 22 -maxStock_middle 49 -maxStock_delta 12 -holdingCost_range_middle 7 -holdingCost_range_delta 24 -procCost_range_middle 4 -procCost_range_delta 9 -demand_range_middle 4 -demand_range_delta 7 -children_range_cardMiddle 8 -children_range_cardDelta 2 -children_range_inner_middle 39 -children_range_inner_delta 14,0a5e146df2f403faa8264bb9d96ee9e0,sat + graded,175,720453903,175
1,inst-175-720453903,model,3,0,20.953,0,0,214.461,0,309965,yes,../wrapper.py 175 1 720453903 tuning -numNodes_middle 39 -numNodes_delta 14 -numLeaves_middle 6 -numLeaves_delta 7 -numPeriods_middle 2 -numPeriods_delta 22 -maxStock_middle 49 -maxStock_delta 12 -holdingCost_range_middle 7 -holdingCost_range_delta 24 -procCost_range_middle 4 -procCost_range_delta 9 -demand_range_middle 4 -demand_range_delta 7 -children_range_cardMiddle 8 -children_range_cardDelta 2 -children_range_inner_middle 39 -children_range_inner_delta 14,0a5e146df2f403faa8264bb9d96ee9e0,sat + graded,175,720453903,175
1,inst-175-720453903,model,4,0,20.07,0,0,221.628,0,311090,yes,../wrapper.py 175 1 720453903 tuning -numNodes_middle 39 -numNodes_delta 14 -numLeaves_middle 6 -numLeaves_delta 7 -numPeriods_middle 2 -numPeriods_delta 22 -maxStock_middle 49 -maxStock_delta 12 -holdingCost_range_middle 7 -holdingCost_range_delta 24 -procCost_range_middle 4 -procCost_range_delta 9 -demand_range_middle 4 -demand_range_delta 7 -children_range_cardMiddle 8 -children_range_cardDelta 2 -children_range_inner_middle 39 -children_range_inner_delta 14,0a5e146df2f403faa8264bb9d96ee9e0,sat + graded,175,720453903,175
1,inst-175-817104398,model,0,0,10.028,0,0,26.1296,0,118786,yes,../wrapper.py 175 1 817104398 tuning -numNodes_middle 39 -numNodes_delta 14 -numLeaves_middle 6 -numLeaves_delta 7 -numPeriods_middle 2 -numPeriods_delta 22 -maxStock_middle 49 -maxStock_delta 12 -holdingCost_range_middle 7 -holdingCost_range_delta 24 -procCost_range_middle 4 -procCost_range_delta 9 -demand_range_middle 4 -demand_range_delta 7 -children_range_cardMiddle 8 -children_range_cardDelta 2 -children_range_inner_middle 39 -children_range_inner_delta 14,051cc4f7d4c4cb053155c7a1ef7a1a3c,sat + graded,175,817104398,175
1,inst-175-817104398,model,1,0,9.927,0,0,28.6068,0,129451,yes,../wrapper.py 175 1 817104398 tuning -numNodes_middle 39 -numNodes_delta 14 -numLeaves_middle 6 -numLeaves_delta 7 -numPeriods_middle 2 -numPeriods_delta 22 -maxStock_middle 49 -maxStock_delta 12 -holdingCost_range_middle 7 -holdingCost_range_delta 24 -procCost_range_middle 4 -procCost_range_delta 9 -demand_range_middle 4 -demand_range_delta 7 -children_range_cardMiddle 8 -children_range_cardDelta 2 -children_range_inner_middle 39 -children_range_inner_delta 14,051cc4f7d4c4cb053155c7a1ef7a1a3c,sat + graded,175,817104398,175
1,inst-175-817104398,model,2,0,9.086,0,0,26.8206,0,118849,yes,../wrapper.py 175 1 817104398 tuning -numNodes_middle 39 -numNodes_delta 14 -numLeaves_middle 6 -numLeaves_delta 7 -numPeriods_middle 2 -numPeriods_delta 22 -maxStock_middle 49 -maxStock_delta 12 -holdingCost_range_middle 7 -holdingCost_range_delta 24 -procCost_range_middle 4 -procCost_range_delta 9 -demand_range_middle 4 -demand_range_delta 7 -children_range_cardMiddle 8 -children_range_cardDelta 2 -children_range_inner_middle 39 -children_range_inner_delta 14,051cc4f7d4c4cb053155c7a1ef7a1a3c,sat + graded,175,817104398,175
1,inst-175-817104398,model,3,0,9.065,0,0,28.8529,0,130539,yes,../wrapper.py 175 1 817104398 tuning -numNodes_middle 39 -numNodes_delta 14 -numLeaves_middle 6 -numLeaves_delta 7 -numPeriods_middle 2 -numPeriods_delta 22 -maxStock_middle 49 -maxStock_delta 12 -holdingCost_range_middle 7 -holdingCost_range_delta 24 -procCost_range_middle 4 -procCost_range_delta 9 -demand_range_middle 4 -demand_range_delta 7 -children_range_cardMiddle 8 -children_range_cardDelta 2 -children_range_inner_middle 39 -children_range_inner_delta 14,051cc4f7d4c4cb053155c7a1ef7a1a3c,sat + graded,175,817104398,175
1,inst-175-817104398,model,4,0,9.973,0,0,24.2094,0,117189,yes,../wrapper.py 175 1 817104398 tuning -numNodes_middle 39 -numNodes_delta 14 -numLeaves_middle 6 -numLeaves_delta 7 -numPeriods_middle 2 -numPeriods_delta 22 -maxStock_middle 49 -maxStock_delta 12 -holdingCost_range_middle 7 -holdingCost_range_delta 24 -procCost_range_middle 4 -procCost_range_delta 9 -demand_range_middle 4 -demand_range_delta 7 -children_range_cardMiddle 8 -children_range_cardDelta 2 -children_range_inner_middle 39 -children_range_inner_delta 14,051cc4f7d4c4cb053155c7a1ef7a1a3c,sat + graded,175,817104398,175
1,inst-178-1383657565,model,0,0,8.021,0,0,46.8669,0,210438,yes,../wrapper.py 178 1 1383657565 tuning -numNodes_middle 16 -numNodes_delta 23 -numLeaves_middle 4 -numLeaves_delta 4 -numPeriods_middle 23 -numPeriods_delta 15 -maxStock_middle 48 -maxStock_delta 18 -holdingCost_range_middle 15 -holdingCost_range_delta 23 -procCost_range_middle 4 -procCost_range_delta 10 -demand_range_middle 2 -demand_range_delta 11 -children_range_cardMiddle 3 -children_range_cardDelta 2 -children_range_inner_middle 49 -children_range_inner_delta 20,8e4ff18046ef261accd93a0a7c8d93b6,sat + graded,178,1383657565,178
1,inst-178-1383657565,model,1,0,7.998,0,0,62.4148,0,250203,yes,../wrapper.py 178 1 1383657565 tuning -numNodes_middle 16 -numNodes_delta 23 -numLeaves_middle 4 -numLeaves_delta 4 -numPeriods_middle 23 -numPeriods_delta 15 -maxStock_middle 48 -maxStock_delta 18 -holdingCost_range_middle 15 -holdingCost_range_delta 23 -procCost_range_middle 4 -procCost_range_delta 10 -demand_range_middle 2 -demand_range_delta 11 -children_range_cardMiddle 3 -children_range_cardDelta 2 -children_range_inner_middle 49 -children_range_inner_delta 20,8e4ff18046ef261accd93a0a7c8d93b6,sat + graded,178,1383657565,178
1,inst-178-1383657565,model,2,0,8.028,0,0,58.2409,0,256247,yes,../wrapper.py 178 1 1383657565 tuning -numNodes_middle 16 -numNodes_delta 23 -numLeaves_middle 4 -numLeaves_delta 4 -numPeriods_middle 23 -numPeriods_delta 15 -maxStock_middle 48 -maxStock_delta 18 -holdingCost_range_middle 15 -holdingCost_range_delta 23 -procCost_range_middle 4 -procCost_range_delta 10 -demand_range_middle 2 -demand_range_delta 11 -children_range_cardMiddle 3 -children_range_cardDelta 2 -children_range_inner_middle 49 -children_range_inner_delta 20,8e4ff18046ef261accd93a0a7c8d93b6,sat + graded,178,1383657565,178
1,inst-178-1383657565,model,3,0,7.08,0,0,34.9412,0,170215,yes,../wrapper.py 178 1 1383657565 tuning -numNodes_middle 16 -numNodes_delta 23 -numLeaves_middle 4 -numLeaves_delta 4 -numPeriods_middle 23 -numPeriods_delta 15 -maxStock_middle 48 -maxStock_delta 18 -holdingCost_range_middle 15 -holdingCost_range_delta 23 -procCost_range_middle 4 -procCost_range_delta 10 -demand_range_middle 2 -demand_range_delta 11 -children_range_cardMiddle 3 -children_range_cardDelta 2 -children_range_inner_middle 49 -children_range_inner_delta 20,8e4ff18046ef261accd93a0a7c8d93b6,sat + graded,178,1383657565,178
1,inst-178-1383657565,model,4,0,8.084,0,0,36.4882,0,171779,yes,../wrapper.py 178 1 1383657565 tuning -numNodes_middle 16 -numNodes_delta 23 -numLeaves_middle 4 -numLeaves_delta 4 -numPeriods_middle 23 -numPeriods_delta 15 -maxStock_middle 48 -maxStock_delta 18 -holdingCost_range_middle 15 -holdingCost_range_delta 23 -procCost_range_middle 4 -procCost_range_delta 10 -demand_range_middle 2 -demand_range_delta 11 -children_range_cardMiddle 3 -children_range_cardDelta 2 -children_range_inner_middle 49 -children_range_inner_delta 20,8e4ff18046ef261accd93a0a7c8d93b6,sat + graded,178,1383657565,178
1,inst-178-1805206009,model,0,0,13.06,0,0,210.229,0,373530,yes,../wrapper.py 178 1 1805206009 tuning -numNodes_middle 16 -numNodes_delta 23 -numLeaves_middle 4 -numLeaves_delta 4 -numPeriods_middle 23 -numPeriods_delta 15 -maxStock_middle 48 -maxStock_delta 18 -holdingCost_range_middle 15 -holdingCost_range_delta 23 -procCost_range_middle 4 -procCost_range_delta 10 -demand_range_middle 2 -demand_range_delta 11 -children_range_cardMiddle 3 -children_range_cardDelta 2 -children_range_inner_middle 49 -children_range_inner_delta 20,ff1d6cb1b1479bb1dc2763320c5af6fa,sat + graded,178,1805206009,178
1,inst-178-1805206009,model,1,0,12.085,0,0,173.856,0,320329,yes,../wrapper.py 178 1 1805206009 tuning -numNodes_middle 16 -numNodes_delta 23 -numLeaves_middle 4 -numLeaves_delta 4 -numPeriods_middle 23 -numPeriods_delta 15 -maxStock_middle 48 -maxStock_delta 18 -holdingCost_range_middle 15 -holdingCost_range_delta 23 -procCost_range_middle 4 -procCost_range_delta 10 -demand_range_middle 2 -demand_range_delta 11 -children_range_cardMiddle 3 -children_range_cardDelta 2 -children_range_inner_middle 49 -children_range_inner_delta 20,ff1d6cb1b1479bb1dc2763320c5af6fa,sat + graded,178,1805206009,178
1,inst-178-1805206009,model,2,0,12.926,0,0,200.212,0,364056,yes,../wrapper.py 178 1 1805206009 tuning -numNodes_middle 16 -numNodes_delta 23 -numLeaves_middle 4 -numLeaves_delta 4 -numPeriods_middle 23 -numPeriods_delta 15 -maxStock_middle 48 -maxStock_delta 18 -holdingCost_range_middle 15 -holdingCost_range_delta 23 -procCost_range_middle 4 -procCost_range_delta 10 -demand_range_middle 2 -demand_range_delta 11 -children_range_cardMiddle 3 -children_range_cardDelta 2 -children_range_inner_middle 49 -children_range_inner_delta 20,ff1d6cb1b1479bb1dc2763320c5af6fa,sat + graded,178,1805206009,178
1,inst-178-1805206009,model,3,0,13.924,0,0,190.366,0,356074,yes,../wrapper.py 178 1 1805206009 tuning -numNodes_middle 16 -numNodes_delta 23 -numLeaves_middle 4 -numLeaves_delta 4 -numPeriods_middle 23 -numPeriods_delta 15 -maxStock_middle 48 -maxStock_delta 18 -holdingCost_range_middle 15 -holdingCost_range_delta 23 -procCost_range_middle 4 -procCost_range_delta 10 -demand_range_middle 2 -demand_range_delta 11 -children_range_cardMiddle 3 -children_range_cardDelta 2 -children_range_inner_middle 49 -children_range_inner_delta 20,ff1d6cb1b1479bb1dc2763320c5af6fa,sat + graded,178,1805206009,178
1,inst-178-1805206009,model,4,0,12.029,0,0,182.008,0,338132,yes,../wrapper.py 178 1 1805206009 tuning -numNodes_middle 16 -numNodes_delta 23 -numLeaves_middle 4 -numLeaves_delta 4 -numPeriods_middle 23 -numPeriods_delta 15 -maxStock_middle 48 -maxStock_delta 18 -holdingCost_range_middle 15 -holdingCost_range_delta 23 -procCost_range_middle 4 -procCost_range_delta 10 -demand_range_middle 2 -demand_range_delta 11 -children_range_cardMiddle 3 -children_range_cardDelta 2 -children_range_inner_middle 49 -children_range_inner_delta 20,ff1d6cb1b1479bb1dc2763320c5af6fa,sat + graded,178,1805206009,178
