feasible,instance,model,seed,SRTimeOut,SRTime,solverMemOut,solverTimeOut,solverTime,solverNodeOut,nNodes,sat,cmd,md5checksum,type,configurationId,configurationSeed,iteration,runId
1,inst-4-1010774377,model,0,0,5.12,0,0,35.2366,0,1444682,yes,../wrapper.py 4 1 1010774377 tuning -k_middle 28 -k_delta 8 -l_middle 32 -l_delta 20 -n_middle 36 -n_delta 8,ad03515e103a333376d8c3608574a59d,sat + graded,4,1010774377,1,4
1,inst-4-1010774377,model,1,0,4.115,0,0,1.30266,0,41673,yes,../wrapper.py 4 1 1010774377 tuning -k_middle 28 -k_delta 8 -l_middle 32 -l_delta 20 -n_middle 36 -n_delta 8,ad03515e103a333376d8c3608574a59d,sat + too easy,4,1010774377,1,4
1,inst-9-233659786,model,0,0,5.11,0,0,41.8389,0,1661627,yes,../wrapper.py 9 1 233659786 tuning -k_middle 19 -k_delta 14 -l_middle 37 -l_delta 21 -n_middle 29 -n_delta 0,d49b2e9860ee51ba965852e1c8588e33,sat + graded,9,233659786,1,9
1,inst-9-233659786,model,1,0,5.333,0,0,88.8728,0,3657840,yes,../wrapper.py 9 1 233659786 tuning -k_middle 19 -k_delta 14 -l_middle 37 -l_delta 21 -n_middle 29 -n_delta 0,d49b2e9860ee51ba965852e1c8588e33,sat + graded,9,233659786,1,9
1,inst-9-233659786,model,2,0,5.005,0,0,0.618042,0,22030,yes,../wrapper.py 9 1 233659786 tuning -k_middle 19 -k_delta 14 -l_middle 37 -l_delta 21 -n_middle 29 -n_delta 0,d49b2e9860ee51ba965852e1c8588e33,sat + too easy,9,233659786,1,9
1,inst-12-1010774377,model,0,0,8.585,0,0,25.4582,0,440794,yes,../wrapper.py 12 1 1010774377 tuning -k_middle 35 -k_delta 6 -l_middle 33 -l_delta 7 -n_middle 48 -n_delta 3,c93459cd2930215f5cd5a6e8e09abfc2,sat + graded,12,1010774377,1,12
1,inst-12-1010774377,model,1,0,6.375,0,1,NA,NA,NA,NA,../wrapper.py 12 1 1010774377 tuning -k_middle 35 -k_delta 6 -l_middle 33 -l_delta 7 -n_middle 48 -n_delta 3,c93459cd2930215f5cd5a6e8e09abfc2,solver timeout,12,1010774377,1,12
1,inst-25-233659786,model,0,0,6.877,0,0,19.1327,0,867697,yes,../wrapper.py 25 1 233659786 tuning -k_middle 11 -k_delta 19 -l_middle 12 -l_delta 0 -n_middle 44 -n_delta 17,ab197d227ab508ed7bb2605b07d7762c,sat + graded,25,233659786,1,25
1,inst-25-233659786,model,1,0,5.055,0,0,17.4327,0,722360,yes,../wrapper.py 25 1 233659786 tuning -k_middle 11 -k_delta 19 -l_middle 12 -l_delta 0 -n_middle 44 -n_delta 17,ab197d227ab508ed7bb2605b07d7762c,sat + graded,25,233659786,1,25
1,inst-25-233659786,model,2,0,4.406,0,0,136.825,0,5891753,yes,../wrapper.py 25 1 233659786 tuning -k_middle 11 -k_delta 19 -l_middle 12 -l_delta 0 -n_middle 44 -n_delta 17,ab197d227ab508ed7bb2605b07d7762c,sat + graded,25,233659786,1,25
1,inst-25-233659786,model,3,0,5.013,0,0,4.7573,0,157297,yes,../wrapper.py 25 1 233659786 tuning -k_middle 11 -k_delta 19 -l_middle 12 -l_delta 0 -n_middle 44 -n_delta 17,ab197d227ab508ed7bb2605b07d7762c,sat + too easy,25,233659786,1,25
1,inst-31-1041507409,model,0,0,4.074,0,0,175.914,0,8240089,yes,../wrapper.py 31 1 1041507409 tuning -k_middle 14 -k_delta 19 -l_middle 39 -l_delta 3 -n_middle 26 -n_delta 14,565f3dd471ed9cce4aafffe4938cf5c3,sat + graded,31,1041507409,1,31
1,inst-31-1041507409,model,1,0,3.855,0,0,76.4095,0,3235661,yes,../wrapper.py 31 1 1041507409 tuning -k_middle 14 -k_delta 19 -l_middle 39 -l_delta 3 -n_middle 26 -n_delta 14,565f3dd471ed9cce4aafffe4938cf5c3,sat + graded,31,1041507409,1,31
1,inst-31-1041507409,model,2,0,3.628,0,0,90.6166,0,4823420,yes,../wrapper.py 31 1 1041507409 tuning -k_middle 14 -k_delta 19 -l_middle 39 -l_delta 3 -n_middle 26 -n_delta 14,565f3dd471ed9cce4aafffe4938cf5c3,sat + graded,31,1041507409,1,31
1,inst-31-1041507409,model,3,0,3.405,0,1,NA,NA,NA,NA,../wrapper.py 31 1 1041507409 tuning -k_middle 14 -k_delta 19 -l_middle 39 -l_delta 3 -n_middle 26 -n_delta 14,565f3dd471ed9cce4aafffe4938cf5c3,solver timeout,31,1041507409,1,31
1,inst-32-2024984865,model,0,0,7.624,0,0,40.9855,0,1099803,yes,../wrapper.py 32 1 2024984865 tuning -k_middle 26 -k_delta 9 -l_middle 22 -l_delta 0 -n_middle 46 -n_delta 1,de74f2e808eaeaf67ab01c71a5c826f0,sat + graded,32,2024984865,1,32
1,inst-32-2024984865,model,1,0,6.513,0,0,177.669,0,5483561,yes,../wrapper.py 32 1 2024984865 tuning -k_middle 26 -k_delta 9 -l_middle 22 -l_delta 0 -n_middle 46 -n_delta 1,de74f2e808eaeaf67ab01c71a5c826f0,sat + graded,32,2024984865,1,32
1,inst-32-2024984865,model,2,0,7.072,0,0,13.6409,0,364574,yes,../wrapper.py 32 1 2024984865 tuning -k_middle 26 -k_delta 9 -l_middle 22 -l_delta 0 -n_middle 46 -n_delta 1,de74f2e808eaeaf67ab01c71a5c826f0,sat + graded,32,2024984865,1,32
1,inst-32-2024984865,model,3,0,5.427,0,0,10.9887,0,288835,yes,../wrapper.py 32 1 2024984865 tuning -k_middle 26 -k_delta 9 -l_middle 22 -l_delta 0 -n_middle 46 -n_delta 1,de74f2e808eaeaf67ab01c71a5c826f0,sat + graded,32,2024984865,1,32
1,inst-32-2024984865,model,4,0,6.217,0,0,23.2779,0,667262,yes,../wrapper.py 32 1 2024984865 tuning -k_middle 26 -k_delta 9 -l_middle 22 -l_delta 0 -n_middle 46 -n_delta 1,de74f2e808eaeaf67ab01c71a5c826f0,sat + graded,32,2024984865,1,32
1,inst-32-2003408602,model,0,0,5.804,0,0,16.5616,0,446234,yes,../wrapper.py 32 1 2003408602 tuning -k_middle 26 -k_delta 9 -l_middle 22 -l_delta 0 -n_middle 46 -n_delta 1,1eea7f9777efb8d683b3dca2d2c3670d,sat + graded,32,2003408602,1,32
1,inst-32-2003408602,model,1,0,5.667,0,0,6.97894,0,217635,yes,../wrapper.py 32 1 2003408602 tuning -k_middle 26 -k_delta 9 -l_middle 22 -l_delta 0 -n_middle 46 -n_delta 1,1eea7f9777efb8d683b3dca2d2c3670d,sat + too easy,32,2003408602,1,32
1,inst-32-1010774377,model,0,0,6.539,0,0,210.622,0,4594536,yes,../wrapper.py 32 1 1010774377 tuning -k_middle 26 -k_delta 9 -l_middle 22 -l_delta 0 -n_middle 46 -n_delta 1,945505d3b051db4d3200d0ac332e73e3,sat + graded,32,1010774377,1,32
1,inst-32-1010774377,model,1,0,6.265,0,0,197.524,0,5474880,yes,../wrapper.py 32 1 1010774377 tuning -k_middle 26 -k_delta 9 -l_middle 22 -l_delta 0 -n_middle 46 -n_delta 1,945505d3b051db4d3200d0ac332e73e3,sat + graded,32,1010774377,1,32
1,inst-32-1010774377,model,2,0,6.042,0,0,49.0304,0,1630361,yes,../wrapper.py 32 1 1010774377 tuning -k_middle 26 -k_delta 9 -l_middle 22 -l_delta 0 -n_middle 46 -n_delta 1,945505d3b051db4d3200d0ac332e73e3,sat + graded,32,1010774377,1,32
1,inst-32-1010774377,model,3,0,6.591,0,0,175.393,0,5472576,yes,../wrapper.py 32 1 1010774377 tuning -k_middle 26 -k_delta 9 -l_middle 22 -l_delta 0 -n_middle 46 -n_delta 1,945505d3b051db4d3200d0ac332e73e3,sat + graded,32,1010774377,1,32
1,inst-32-1010774377,model,4,0,6.002,0,0,6.10823,0,166174,yes,../wrapper.py 32 1 1010774377 tuning -k_middle 26 -k_delta 9 -l_middle 22 -l_delta 0 -n_middle 46 -n_delta 1,945505d3b051db4d3200d0ac332e73e3,sat + too easy,32,1010774377,1,32
1,inst-36-2024984865,model,0,0,5.967,0,0,10.0735,0,265888,yes,../wrapper.py 36 1 2024984865 tuning -k_middle 36 -k_delta 18 -l_middle 24 -l_delta 3 -n_middle 40 -n_delta 10,c53d49bff8c267bcae181950e3165d59,sat + graded,36,2024984865,1,36
1,inst-36-2024984865,model,1,0,6.005,0,0,0.708046,0,15681,yes,../wrapper.py 36 1 2024984865 tuning -k_middle 36 -k_delta 18 -l_middle 24 -l_delta 3 -n_middle 40 -n_delta 10,c53d49bff8c267bcae181950e3165d59,sat + too easy,36,2024984865,1,36
1,inst-37-2024984865,model,0,0,8.288,0,0,103.032,0,1656651,yes,../wrapper.py 37 1 2024984865 tuning -k_middle 22 -k_delta 0 -l_middle 8 -l_delta 10 -n_middle 39 -n_delta 0,590d1add205a58dd8bf8d605b0b5d855,sat + graded,37,2024984865,1,37
1,inst-37-2024984865,model,1,0,8.013,0,0,99.3545,0,1120099,yes,../wrapper.py 37 1 2024984865 tuning -k_middle 22 -k_delta 0 -l_middle 8 -l_delta 10 -n_middle 39 -n_delta 0,590d1add205a58dd8bf8d605b0b5d855,sat + graded,37,2024984865,1,37
1,inst-37-2024984865,model,2,0,7.319,0,1,NA,NA,NA,NA,../wrapper.py 37 1 2024984865 tuning -k_middle 22 -k_delta 0 -l_middle 8 -l_delta 10 -n_middle 39 -n_delta 0,590d1add205a58dd8bf8d605b0b5d855,solver timeout,37,2024984865,1,37
1,inst-37-1636326408,model,0,0,7.326,0,0,70.9621,0,1173849,yes,../wrapper.py 37 1 1636326408 tuning -k_middle 22 -k_delta 0 -l_middle 8 -l_delta 10 -n_middle 39 -n_delta 0,9d83f23eba16b5f27de0249158c8b008,sat + graded,37,1636326408,1,37
1,inst-37-1636326408,model,1,0,6.788,0,0,9.53816,0,159099,yes,../wrapper.py 37 1 1636326408 tuning -k_middle 22 -k_delta 0 -l_middle 8 -l_delta 10 -n_middle 39 -n_delta 0,9d83f23eba16b5f27de0249158c8b008,sat + too easy,37,1636326408,1,37
1,inst-37-1296195505,model,0,0,7.167,0,0,46.3234,0,537998,yes,../wrapper.py 37 1 1296195505 tuning -k_middle 22 -k_delta 0 -l_middle 8 -l_delta 10 -n_middle 39 -n_delta 0,0d1574ec09ab551a0d458c223f86804d,sat + graded,37,1296195505,1,37
1,inst-37-1296195505,model,1,0,7.08,0,0,56.0591,0,1480655,yes,../wrapper.py 37 1 1296195505 tuning -k_middle 22 -k_delta 0 -l_middle 8 -l_delta 10 -n_middle 39 -n_delta 0,0d1574ec09ab551a0d458c223f86804d,sat + graded,37,1296195505,1,37
1,inst-37-1296195505,model,2,0,6.776,0,0,7.69034,0,108441,yes,../wrapper.py 37 1 1296195505 tuning -k_middle 22 -k_delta 0 -l_middle 8 -l_delta 10 -n_middle 39 -n_delta 0,0d1574ec09ab551a0d458c223f86804d,sat + too easy,37,1296195505,1,37
1,inst-38-1296195505,model,0,0,5.219,0,0,130.866,0,3586322,yes,../wrapper.py 38 1 1296195505 tuning -k_middle 31 -k_delta 22 -l_middle 36 -l_delta 6 -n_middle 43 -n_delta 8,4a776bf2315a112573cc377d64d2f771,sat + graded,38,1296195505,1,38
1,inst-38-1296195505,model,1,0,5.323,0,1,NA,NA,NA,NA,../wrapper.py 38 1 1296195505 tuning -k_middle 31 -k_delta 22 -l_middle 36 -l_delta 6 -n_middle 43 -n_delta 8,4a776bf2315a112573cc377d64d2f771,solver timeout,38,1296195505,1,38
1,inst-40-1041507409,model,0,0,6.891,0,0,12.1822,0,483326,yes,../wrapper.py 40 1 1041507409 tuning -k_middle 3 -k_delta 17 -l_middle 15 -l_delta 7 -n_middle 42 -n_delta 2,78577bb7673aa09a88e5463349b1884f,sat + graded,40,1041507409,1,40
1,inst-40-1041507409,model,1,0,5.96,0,0,1.57551,0,44979,yes,../wrapper.py 40 1 1041507409 tuning -k_middle 3 -k_delta 17 -l_middle 15 -l_delta 7 -n_middle 42 -n_delta 2,78577bb7673aa09a88e5463349b1884f,sat + too easy,40,1041507409,1,40
1,inst-42-531989323,model,0,0,7.462,0,0,99.7104,0,1631813,yes,../wrapper.py 42 1 531989323 tuning -k_middle 25 -k_delta 1 -l_middle 22 -l_delta 1 -n_middle 44 -n_delta 0,7e6a63a61ae192b4590e0851bf6ae1f6,sat + graded,42,531989323,2,42
1,inst-42-531989323,model,1,0,7.568,0,1,NA,NA,NA,NA,../wrapper.py 42 1 531989323 tuning -k_middle 25 -k_delta 1 -l_middle 22 -l_delta 1 -n_middle 44 -n_delta 0,7e6a63a61ae192b4590e0851bf6ae1f6,solver timeout,42,531989323,2,42
1,inst-44-1010774377,model,0,0,6.839,0,0,34.0286,0,1140766,yes,../wrapper.py 44 1 1010774377 tuning -k_middle 16 -k_delta 6 -l_middle 1 -l_delta 9 -n_middle 48 -n_delta 16,45776f7225f532862afad9fcc82a839b,sat + graded,44,1010774377,2,44
1,inst-44-1010774377,model,1,0,5.721,0,0,0.255576,0,3698,yes,../wrapper.py 44 1 1010774377 tuning -k_middle 16 -k_delta 6 -l_middle 1 -l_delta 9 -n_middle 48 -n_delta 16,45776f7225f532862afad9fcc82a839b,sat + too easy,44,1010774377,2,44
1,inst-50-531989323,model,0,0,6.761,0,0,63.4211,0,1657075,yes,../wrapper.py 50 1 531989323 tuning -k_middle 26 -k_delta 5 -l_middle 31 -l_delta 12 -n_middle 46 -n_delta 7,86e70f5a7fa35d4aa94a169d4b60cea8,sat + graded,50,531989323,2,50
1,inst-50-531989323,model,1,0,4.595,0,0,23.3791,0,607040,yes,../wrapper.py 50 1 531989323 tuning -k_middle 26 -k_delta 5 -l_middle 31 -l_delta 12 -n_middle 46 -n_delta 7,86e70f5a7fa35d4aa94a169d4b60cea8,sat + graded,50,531989323,2,50
1,inst-50-531989323,model,2,0,7.523,0,0,0.671202,0,14176,yes,../wrapper.py 50 1 531989323 tuning -k_middle 26 -k_delta 5 -l_middle 31 -l_delta 12 -n_middle 46 -n_delta 7,86e70f5a7fa35d4aa94a169d4b60cea8,sat + too easy,50,531989323,2,50
1,inst-50-1041507409,model,0,0,7.626,0,0,10.1572,0,155384,yes,../wrapper.py 50 1 1041507409 tuning -k_middle 26 -k_delta 5 -l_middle 31 -l_delta 12 -n_middle 46 -n_delta 7,0c875efc7307c42699c8c5ab57599890,sat + graded,50,1041507409,2,50
1,inst-50-1041507409,model,1,0,7.419,0,1,NA,NA,NA,NA,../wrapper.py 50 1 1041507409 tuning -k_middle 26 -k_delta 5 -l_middle 31 -l_delta 12 -n_middle 46 -n_delta 7,0c875efc7307c42699c8c5ab57599890,solver timeout,50,1041507409,2,50
1,inst-50-2003408602,model,0,0,6.813,0,0,65.2458,0,1625940,yes,../wrapper.py 50 1 2003408602 tuning -k_middle 26 -k_delta 5 -l_middle 31 -l_delta 12 -n_middle 46 -n_delta 7,05486f26ca92146f92d21021e954656f,sat + graded,50,2003408602,2,50
1,inst-50-2003408602,model,1,0,6.708,0,0,3.18643,0,85116,yes,../wrapper.py 50 1 2003408602 tuning -k_middle 26 -k_delta 5 -l_middle 31 -l_delta 12 -n_middle 46 -n_delta 7,05486f26ca92146f92d21021e954656f,sat + too easy,50,2003408602,2,50
1,inst-50-1010774377,model,0,0,6.86,0,0,12.6243,0,338432,yes,../wrapper.py 50 1 1010774377 tuning -k_middle 26 -k_delta 5 -l_middle 31 -l_delta 12 -n_middle 46 -n_delta 7,e56d4ef55af3b8538a3e5b48b85891c1,sat + graded,50,1010774377,2,50
1,inst-50-1010774377,model,1,0,5.833,0,0,3.17616,0,85025,yes,../wrapper.py 50 1 1010774377 tuning -k_middle 26 -k_delta 5 -l_middle 31 -l_delta 12 -n_middle 46 -n_delta 7,e56d4ef55af3b8538a3e5b48b85891c1,sat + too easy,50,1010774377,2,50
1,inst-50-2007234433,model,0,0,7.211,0,0,185.958,0,5473297,yes,../wrapper.py 50 1 2007234433 tuning -k_middle 26 -k_delta 5 -l_middle 31 -l_delta 12 -n_middle 46 -n_delta 7,101dd46660347ed844f0f03a7474af50,sat + graded,50,2007234433,3,50
1,inst-50-2007234433,model,1,0,5.387,0,0,65.5272,0,1951146,yes,../wrapper.py 50 1 2007234433 tuning -k_middle 26 -k_delta 5 -l_middle 31 -l_delta 12 -n_middle 46 -n_delta 7,101dd46660347ed844f0f03a7474af50,sat + graded,50,2007234433,3,50
1,inst-50-2007234433,model,2,0,5.728,0,0,14.3062,0,374232,yes,../wrapper.py 50 1 2007234433 tuning -k_middle 26 -k_delta 5 -l_middle 31 -l_delta 12 -n_middle 46 -n_delta 7,101dd46660347ed844f0f03a7474af50,sat + graded,50,2007234433,3,50
1,inst-50-2007234433,model,3,0,6.028,0,0,8.15816,0,217777,yes,../wrapper.py 50 1 2007234433 tuning -k_middle 26 -k_delta 5 -l_middle 31 -l_delta 12 -n_middle 46 -n_delta 7,101dd46660347ed844f0f03a7474af50,sat + too easy,50,2007234433,3,50
1,inst-55-531989323,model,0,0,5.412,0,0,15.727,0,686808,yes,../wrapper.py 55 1 531989323 tuning -k_middle 13 -k_delta 17 -l_middle 13 -l_delta 2 -n_middle 36 -n_delta 9,49a78de0df867e1b8a97f0d7fdb938c2,sat + graded,55,531989323,2,55
1,inst-55-531989323,model,1,0,4.346,0,0,0.888206,0,35438,yes,../wrapper.py 55 1 531989323 tuning -k_middle 13 -k_delta 17 -l_middle 13 -l_delta 2 -n_middle 36 -n_delta 9,49a78de0df867e1b8a97f0d7fdb938c2,sat + too easy,55,531989323,2,55
1,inst-57-1041507409,model,0,0,6.54,0,0,203.659,0,8210390,yes,../wrapper.py 57 1 1041507409 tuning -k_middle 4 -k_delta 16 -l_middle 4 -l_delta 12 -n_middle 34 -n_delta 5,74c037547ec86d86b3f649f6f11640d2,sat + graded,57,1041507409,2,57
1,inst-57-1041507409,model,1,0,5.808,0,0,2.22003,0,45582,yes,../wrapper.py 57 1 1041507409 tuning -k_middle 4 -k_delta 16 -l_middle 4 -l_delta 12 -n_middle 34 -n_delta 5,74c037547ec86d86b3f649f6f11640d2,sat + too easy,57,1041507409,2,57
1,inst-62-1041507409,model,0,0,8.545,0,0,108.191,0,2289255,yes,../wrapper.py 62 1 1041507409 tuning -k_middle 22 -k_delta 6 -l_middle 27 -l_delta 3 -n_middle 46 -n_delta 10,cb8fd25607aedc5ca4d75cf34c323922,sat + graded,62,1041507409,2,62
1,inst-62-1041507409,model,1,0,6.372,0,0,7.29221,0,149822,yes,../wrapper.py 62 1 1041507409 tuning -k_middle 22 -k_delta 6 -l_middle 27 -l_delta 3 -n_middle 46 -n_delta 10,cb8fd25607aedc5ca4d75cf34c323922,sat + too easy,62,1041507409,2,62
1,inst-62-1636326408,model,0,0,6.971,0,0,187.512,0,5613377,yes,../wrapper.py 62 1 1636326408 tuning -k_middle 22 -k_delta 6 -l_middle 27 -l_delta 3 -n_middle 46 -n_delta 10,0c4abb30c3c1240030cf654e11ce6b79,sat + graded,62,1636326408,2,62
1,inst-62-1636326408,model,1,0,5.986,0,0,92.4969,0,2703669,yes,../wrapper.py 62 1 1636326408 tuning -k_middle 22 -k_delta 6 -l_middle 27 -l_delta 3 -n_middle 46 -n_delta 10,0c4abb30c3c1240030cf654e11ce6b79,sat + graded,62,1636326408,2,62
1,inst-62-1636326408,model,2,0,5.34,0,0,11.2839,0,309562,yes,../wrapper.py 62 1 1636326408 tuning -k_middle 22 -k_delta 6 -l_middle 27 -l_delta 3 -n_middle 46 -n_delta 10,0c4abb30c3c1240030cf654e11ce6b79,sat + graded,62,1636326408,2,62
1,inst-62-1636326408,model,3,0,5.933,0,0,7.32782,0,197991,yes,../wrapper.py 62 1 1636326408 tuning -k_middle 22 -k_delta 6 -l_middle 27 -l_delta 3 -n_middle 46 -n_delta 10,0c4abb30c3c1240030cf654e11ce6b79,sat + too easy,62,1636326408,2,62
1,inst-62-2007234433,model,0,0,6.182,0,0,43.0618,0,1640865,yes,../wrapper.py 62 1 2007234433 tuning -k_middle 22 -k_delta 6 -l_middle 27 -l_delta 3 -n_middle 46 -n_delta 10,95e8d77c0e0a29a9d573ba6946837463,sat + graded,62,2007234433,3,62
1,inst-62-2007234433,model,1,0,4.784,0,0,1.05354,0,30688,yes,../wrapper.py 62 1 2007234433 tuning -k_middle 22 -k_delta 6 -l_middle 27 -l_delta 3 -n_middle 46 -n_delta 10,95e8d77c0e0a29a9d573ba6946837463,sat + too easy,62,2007234433,3,62
1,inst-63-531989323,model,0,0,6.768,0,0,253.187,0,5402451,yes,../wrapper.py 63 1 531989323 tuning -k_middle 27 -k_delta 10 -l_middle 47 -l_delta 22 -n_middle 50 -n_delta 2,ff78f0895305e02eb33b9d34702002a3,sat + graded,63,531989323,2,63
1,inst-63-531989323,model,1,0,5.627,0,0,5.44068,0,99360,yes,../wrapper.py 63 1 531989323 tuning -k_middle 27 -k_delta 10 -l_middle 47 -l_delta 22 -n_middle 50 -n_delta 2,ff78f0895305e02eb33b9d34702002a3,sat + too easy,63,531989323,2,63
1,inst-63-1296195505,model,0,0,7.922,0,0,125.808,0,2439379,yes,../wrapper.py 63 1 1296195505 tuning -k_middle 27 -k_delta 10 -l_middle 47 -l_delta 22 -n_middle 50 -n_delta 2,817046ba3681e368d45122b21865d20a,sat + graded,63,1296195505,2,63
1,inst-63-1296195505,model,1,0,6.546,0,1,NA,NA,NA,NA,../wrapper.py 63 1 1296195505 tuning -k_middle 27 -k_delta 10 -l_middle 47 -l_delta 22 -n_middle 50 -n_delta 2,817046ba3681e368d45122b21865d20a,solver timeout,63,1296195505,2,63
1,inst-63-1636326408,model,0,0,8.197,0,0,160.41,0,3448898,yes,../wrapper.py 63 1 1636326408 tuning -k_middle 27 -k_delta 10 -l_middle 47 -l_delta 22 -n_middle 50 -n_delta 2,9b9fcfc861fb317226c9a378fa4e0b0a,sat + graded,63,1636326408,2,63
1,inst-63-1636326408,model,1,0,6.734,0,0,14.5398,0,281577,yes,../wrapper.py 63 1 1636326408 tuning -k_middle 27 -k_delta 10 -l_middle 47 -l_delta 22 -n_middle 50 -n_delta 2,9b9fcfc861fb317226c9a378fa4e0b0a,sat + graded,63,1636326408,2,63
1,inst-63-1636326408,model,2,0,7.226,0,1,NA,NA,NA,NA,../wrapper.py 63 1 1636326408 tuning -k_middle 27 -k_delta 10 -l_middle 47 -l_delta 22 -n_middle 50 -n_delta 2,9b9fcfc861fb317226c9a378fa4e0b0a,solver timeout,63,1636326408,2,63
1,inst-63-1010774377,model,0,0,6.812,0,0,53.3589,0,1692838,yes,../wrapper.py 63 1 1010774377 tuning -k_middle 27 -k_delta 10 -l_middle 47 -l_delta 22 -n_middle 50 -n_delta 2,253453a83fd1b816d82ce351caf40b09,sat + graded,63,1010774377,2,63
1,inst-63-1010774377,model,1,0,5.288,0,0,3.43612,0,105443,yes,../wrapper.py 63 1 1010774377 tuning -k_middle 27 -k_delta 10 -l_middle 47 -l_delta 22 -n_middle 50 -n_delta 2,253453a83fd1b816d82ce351caf40b09,sat + too easy,63,1010774377,2,63
1,inst-67-233659786,model,0,0,5.352,0,0,15.6745,0,750861,yes,../wrapper.py 67 1 233659786 tuning -k_middle 13 -k_delta 16 -l_middle 26 -l_delta 4 -n_middle 38 -n_delta 4,0e85c1bad3e107eef0eb1856b8738f18,sat + graded,67,233659786,2,67
1,inst-67-233659786,model,1,0,4.256,0,0,117.065,0,5387715,yes,../wrapper.py 67 1 233659786 tuning -k_middle 13 -k_delta 16 -l_middle 26 -l_delta 4 -n_middle 38 -n_delta 4,0e85c1bad3e107eef0eb1856b8738f18,sat + graded,67,233659786,2,67
1,inst-67-233659786,model,2,0,5.001,0,0,1.78129,0,75535,yes,../wrapper.py 67 1 233659786 tuning -k_middle 13 -k_delta 16 -l_middle 26 -l_delta 4 -n_middle 38 -n_delta 4,0e85c1bad3e107eef0eb1856b8738f18,sat + too easy,67,233659786,2,67
1,inst-71-1041507409,model,0,0,5.798,0,0,10.0008,0,327992,yes,../wrapper.py 71 1 1041507409 tuning -k_middle 14 -k_delta 7 -l_middle 33 -l_delta 1 -n_middle 42 -n_delta 7,e12de049addbdea870f2c3d7d4565ddb,sat + graded,71,1041507409,2,71
1,inst-71-1041507409,model,1,0,6.025,0,0,1.25632,0,38167,yes,../wrapper.py 71 1 1041507409 tuning -k_middle 14 -k_delta 7 -l_middle 33 -l_delta 1 -n_middle 42 -n_delta 7,e12de049addbdea870f2c3d7d4565ddb,sat + too easy,71,1041507409,2,71
1,inst-72-1041507409,model,0,0,8.539,0,0,11.9309,0,99266,yes,../wrapper.py 72 1 1041507409 tuning -k_middle 1 -k_delta 19 -l_middle 2 -l_delta 5 -n_middle 50 -n_delta 10,53b0da382b7d3d7fcfd2efd4d924b6b1,sat + graded,72,1041507409,2,72
1,inst-72-1041507409,model,1,0,7.79,0,0,1.99269,0,14118,yes,../wrapper.py 72 1 1041507409 tuning -k_middle 1 -k_delta 19 -l_middle 2 -l_delta 5 -n_middle 50 -n_delta 10,53b0da382b7d3d7fcfd2efd4d924b6b1,sat + too easy,72,1041507409,2,72
1,inst-73-800725159,model,0,0,7.274,0,0,13.8993,0,325342,yes,../wrapper.py 73 1 800725159 tuning -k_middle 21 -k_delta 5 -l_middle 18 -l_delta 15 -n_middle 31 -n_delta 6,492e8f91aa57dcfb21f9661b44602159,sat + graded,73,800725159,3,73
1,inst-73-800725159,model,1,0,6.766,0,0,26.6521,0,558030,yes,../wrapper.py 73 1 800725159 tuning -k_middle 21 -k_delta 5 -l_middle 18 -l_delta 15 -n_middle 31 -n_delta 6,492e8f91aa57dcfb21f9661b44602159,sat + graded,73,800725159,3,73
1,inst-73-800725159,model,2,0,6.825,0,0,27.0744,0,619218,yes,../wrapper.py 73 1 800725159 tuning -k_middle 21 -k_delta 5 -l_middle 18 -l_delta 15 -n_middle 31 -n_delta 6,492e8f91aa57dcfb21f9661b44602159,sat + graded,73,800725159,3,73
1,inst-73-800725159,model,3,0,5.8,0,1,NA,NA,NA,NA,../wrapper.py 73 1 800725159 tuning -k_middle 21 -k_delta 5 -l_middle 18 -l_delta 15 -n_middle 31 -n_delta 6,492e8f91aa57dcfb21f9661b44602159,solver timeout,73,800725159,3,73
1,inst-73-531989323,model,0,0,4.453,0,0,117.939,0,6379056,yes,../wrapper.py 73 1 531989323 tuning -k_middle 21 -k_delta 5 -l_middle 18 -l_delta 15 -n_middle 31 -n_delta 6,652d997a367b3447151822b646b31177,sat + graded,73,531989323,3,73
1,inst-73-531989323,model,1,0,3.629,0,1,NA,NA,NA,NA,../wrapper.py 73 1 531989323 tuning -k_middle 21 -k_delta 5 -l_middle 18 -l_delta 15 -n_middle 31 -n_delta 6,652d997a367b3447151822b646b31177,solver timeout,73,531989323,3,73
1,inst-73-1041507409,model,0,0,6.019,0,0,36.3927,0,1286677,yes,../wrapper.py 73 1 1041507409 tuning -k_middle 21 -k_delta 5 -l_middle 18 -l_delta 15 -n_middle 31 -n_delta 6,37a260924fab04a43a72e19dfa2a1b08,sat + graded,73,1041507409,3,73
1,inst-73-1041507409,model,1,0,5.224,0,0,26.1336,0,830608,yes,../wrapper.py 73 1 1041507409 tuning -k_middle 21 -k_delta 5 -l_middle 18 -l_delta 15 -n_middle 31 -n_delta 6,37a260924fab04a43a72e19dfa2a1b08,sat + graded,73,1041507409,3,73
1,inst-73-1041507409,model,2,0,5.619,0,1,NA,NA,NA,NA,../wrapper.py 73 1 1041507409 tuning -k_middle 21 -k_delta 5 -l_middle 18 -l_delta 15 -n_middle 31 -n_delta 6,37a260924fab04a43a72e19dfa2a1b08,solver timeout,73,1041507409,3,73
1,inst-75-233659786,model,0,0,6.563,0,0,128.333,0,2876829,yes,../wrapper.py 75 1 233659786 tuning -k_middle 22 -k_delta 8 -l_middle 18 -l_delta 6 -n_middle 49 -n_delta 14,aef36ba2c6306c1dabd05d1058775cf7,sat + graded,75,233659786,3,75
1,inst-75-233659786,model,1,0,6.114,0,0,181.721,0,5504649,yes,../wrapper.py 75 1 233659786 tuning -k_middle 22 -k_delta 8 -l_middle 18 -l_delta 6 -n_middle 49 -n_delta 14,aef36ba2c6306c1dabd05d1058775cf7,sat + graded,75,233659786,3,75
1,inst-75-233659786,model,2,0,6.017,0,1,NA,NA,NA,NA,../wrapper.py 75 1 233659786 tuning -k_middle 22 -k_delta 8 -l_middle 18 -l_delta 6 -n_middle 49 -n_delta 14,aef36ba2c6306c1dabd05d1058775cf7,solver timeout,75,233659786,3,75
1,inst-75-1296195505,model,0,0,6.342,0,0,24.4849,0,763698,yes,../wrapper.py 75 1 1296195505 tuning -k_middle 22 -k_delta 8 -l_middle 18 -l_delta 6 -n_middle 49 -n_delta 14,3fff50132309caabcf4db41f99b109d6,sat + graded,75,1296195505,3,75
1,inst-75-1296195505,model,1,0,5.183,0,0,3.69134,0,108429,yes,../wrapper.py 75 1 1296195505 tuning -k_middle 22 -k_delta 8 -l_middle 18 -l_delta 6 -n_middle 49 -n_delta 14,3fff50132309caabcf4db41f99b109d6,sat + too easy,75,1296195505,3,75
1,inst-75-2007234433,model,0,0,6.903,0,0,244.797,0,6243845,yes,../wrapper.py 75 1 2007234433 tuning -k_middle 22 -k_delta 8 -l_middle 18 -l_delta 6 -n_middle 49 -n_delta 14,3d75071cfadc7af800d03489a58ffcf4,sat + graded,75,2007234433,3,75
1,inst-75-2007234433,model,1,0,5.894,0,0,1.31994,0,30751,yes,../wrapper.py 75 1 2007234433 tuning -k_middle 22 -k_delta 8 -l_middle 18 -l_delta 6 -n_middle 49 -n_delta 14,3d75071cfadc7af800d03489a58ffcf4,sat + too easy,75,2007234433,3,75
1,inst-77-800725159,model,0,0,6.209,0,0,208.524,0,5741738,yes,../wrapper.py 77 1 800725159 tuning -k_middle 17 -k_delta 10 -l_middle 27 -l_delta 6 -n_middle 35 -n_delta 3,66c3d69e1d54922aa6fc9e564887e3a5,sat + graded,77,800725159,3,77
1,inst-77-800725159,model,1,0,5.446,0,1,NA,NA,NA,NA,../wrapper.py 77 1 800725159 tuning -k_middle 17 -k_delta 10 -l_middle 27 -l_delta 6 -n_middle 35 -n_delta 3,66c3d69e1d54922aa6fc9e564887e3a5,solver timeout,77,800725159,3,77
1,inst-77-233659786,model,0,0,5.764,0,0,18.9083,0,728598,yes,../wrapper.py 77 1 233659786 tuning -k_middle 17 -k_delta 10 -l_middle 27 -l_delta 6 -n_middle 35 -n_delta 3,964f736d5c5ef88cbf64fdefba3aaf9b,sat + graded,77,233659786,3,77
1,inst-77-233659786,model,1,0,4.797,0,0,159.065,0,6952779,yes,../wrapper.py 77 1 233659786 tuning -k_middle 17 -k_delta 10 -l_middle 27 -l_delta 6 -n_middle 35 -n_delta 3,964f736d5c5ef88cbf64fdefba3aaf9b,sat + graded,77,233659786,3,77
1,inst-77-233659786,model,2,0,4.98,0,0,0.627018,0,19167,yes,../wrapper.py 77 1 233659786 tuning -k_middle 17 -k_delta 10 -l_middle 27 -l_delta 6 -n_middle 35 -n_delta 3,964f736d5c5ef88cbf64fdefba3aaf9b,sat + too easy,77,233659786,3,77
1,inst-77-1041507409,model,0,0,5.238,0,0,176.454,0,6709206,yes,../wrapper.py 77 1 1041507409 tuning -k_middle 17 -k_delta 10 -l_middle 27 -l_delta 6 -n_middle 35 -n_delta 3,fd6c83c7416633e1f7cb89cc49872980,sat + graded,77,1041507409,3,77
1,inst-77-1041507409,model,1,0,5.558,0,0,51.4584,0,2307119,yes,../wrapper.py 77 1 1041507409 tuning -k_middle 17 -k_delta 10 -l_middle 27 -l_delta 6 -n_middle 35 -n_delta 3,fd6c83c7416633e1f7cb89cc49872980,sat + graded,77,1041507409,3,77
1,inst-77-1041507409,model,2,0,5.131,0,0,7.20152,0,260368,yes,../wrapper.py 77 1 1041507409 tuning -k_middle 17 -k_delta 10 -l_middle 27 -l_delta 6 -n_middle 35 -n_delta 3,fd6c83c7416633e1f7cb89cc49872980,sat + too easy,77,1041507409,3,77
1,inst-79-2024984865,model,0,0,3.95,0,0,18.884,0,1082679,yes,../wrapper.py 79 1 2024984865 tuning -k_middle 17 -k_delta 3 -l_middle 26 -l_delta 16 -n_middle 38 -n_delta 11,a3b711e85a437443ce0f528160f7f328,sat + graded,79,2024984865,3,79
1,inst-79-2024984865,model,1,0,3.795,0,0,0.024454,0,283,yes,../wrapper.py 79 1 2024984865 tuning -k_middle 17 -k_delta 3 -l_middle 26 -l_delta 16 -n_middle 38 -n_delta 11,a3b711e85a437443ce0f528160f7f328,sat + too easy,79,2024984865,3,79
1,inst-79-233659786,model,0,0,5.556,0,0,16.7782,0,783901,yes,../wrapper.py 79 1 233659786 tuning -k_middle 17 -k_delta 3 -l_middle 26 -l_delta 16 -n_middle 38 -n_delta 11,0cebe471654303fb2da503646de2a7d1,sat + graded,79,233659786,3,79
1,inst-79-233659786,model,1,0,4.473,0,0,2.39594,0,96881,yes,../wrapper.py 79 1 233659786 tuning -k_middle 17 -k_delta 3 -l_middle 26 -l_delta 16 -n_middle 38 -n_delta 11,0cebe471654303fb2da503646de2a7d1,sat + too easy,79,233659786,3,79
1,inst-82-800725159,model,0,0,6.366,0,0,16.5788,0,418053,yes,../wrapper.py 82 1 800725159 tuning -k_middle 18 -k_delta 4 -l_middle 32 -l_delta 12 -n_middle 44 -n_delta 6,aeb2f8155767b0fe99de7e2a5c348936,sat + graded,82,800725159,3,82
1,inst-82-800725159,model,1,0,6.604,0,0,45.488,0,1267570,yes,../wrapper.py 82 1 800725159 tuning -k_middle 18 -k_delta 4 -l_middle 32 -l_delta 12 -n_middle 44 -n_delta 6,aeb2f8155767b0fe99de7e2a5c348936,sat + graded,82,800725159,3,82
1,inst-82-800725159,model,2,0,5.959,0,0,11.0758,0,343345,yes,../wrapper.py 82 1 800725159 tuning -k_middle 18 -k_delta 4 -l_middle 32 -l_delta 12 -n_middle 44 -n_delta 6,aeb2f8155767b0fe99de7e2a5c348936,sat + graded,82,800725159,3,82
1,inst-82-800725159,model,3,0,5.357,0,1,NA,NA,NA,NA,../wrapper.py 82 1 800725159 tuning -k_middle 18 -k_delta 4 -l_middle 32 -l_delta 12 -n_middle 44 -n_delta 6,aeb2f8155767b0fe99de7e2a5c348936,solver timeout,82,800725159,3,82
1,inst-84-1296195505,model,0,0,7.32,0,0,179.777,0,5538543,yes,../wrapper.py 84 1 1296195505 tuning -k_middle 26 -k_delta 15 -l_middle 17 -l_delta 2 -n_middle 41 -n_delta 3,4b7d98807b953b98c963912dad8ef1c2,sat + graded,84,1296195505,3,84
1,inst-84-1296195505,model,1,0,6.77,0,0,44.8562,0,1094550,yes,../wrapper.py 84 1 1296195505 tuning -k_middle 26 -k_delta 15 -l_middle 17 -l_delta 2 -n_middle 41 -n_delta 3,4b7d98807b953b98c963912dad8ef1c2,sat + graded,84,1296195505,3,84
1,inst-84-1296195505,model,2,0,5.836,0,0,4.2779,0,104175,yes,../wrapper.py 84 1 1296195505 tuning -k_middle 26 -k_delta 15 -l_middle 17 -l_delta 2 -n_middle 41 -n_delta 3,4b7d98807b953b98c963912dad8ef1c2,sat + too easy,84,1296195505,3,84
1,inst-85-800725159,model,0,0,5.884,0,0,70.5595,0,1886453,yes,../wrapper.py 85 1 800725159 tuning -k_middle 14 -k_delta 8 -l_middle 35 -l_delta 11 -n_middle 42 -n_delta 11,bf6be00f406e2bba221fb0e49d6aab23,sat + graded,85,800725159,3,85
1,inst-85-800725159,model,1,0,5.946,0,0,2.47852,0,65374,yes,../wrapper.py 85 1 800725159 tuning -k_middle 14 -k_delta 8 -l_middle 35 -l_delta 11 -n_middle 42 -n_delta 11,bf6be00f406e2bba221fb0e49d6aab23,sat + too easy,85,800725159,3,85
1,inst-86-1636326408,model,0,0,8.333,0,0,220.693,0,4487338,yes,../wrapper.py 86 1 1636326408 tuning -k_middle 22 -k_delta 9 -l_middle 22 -l_delta 16 -n_middle 38 -n_delta 6,1997f4cc965e5f82e0fbab69fc547060,sat + graded,86,1636326408,3,86
1,inst-86-1636326408,model,1,0,6.7,0,0,5.41065,0,100455,yes,../wrapper.py 86 1 1636326408 tuning -k_middle 22 -k_delta 9 -l_middle 22 -l_delta 16 -n_middle 38 -n_delta 6,1997f4cc965e5f82e0fbab69fc547060,sat + too easy,86,1636326408,3,86
1,inst-87-1636326408,model,0,0,7.002,0,0,201.882,0,5591738,yes,../wrapper.py 87 1 1636326408 tuning -k_middle 26 -k_delta 1 -l_middle 37 -l_delta 6 -n_middle 38 -n_delta 5,7206e98ceb7e6c90b9d2b587da5233e4,sat + graded,87,1636326408,3,87
1,inst-87-1636326408,model,1,0,5.81,0,0,0.855707,0,19375,yes,../wrapper.py 87 1 1636326408 tuning -k_middle 26 -k_delta 1 -l_middle 37 -l_delta 6 -n_middle 38 -n_delta 5,7206e98ceb7e6c90b9d2b587da5233e4,sat + too easy,87,1636326408,3,87
1,inst-87-2024984865,model,0,0,5.26,0,0,39.0908,0,1337241,yes,../wrapper.py 87 1 2024984865 tuning -k_middle 26 -k_delta 1 -l_middle 37 -l_delta 6 -n_middle 38 -n_delta 5,96cb283f251ccbe8f8f5444e43aad501,sat + graded,87,2024984865,3,87
1,inst-87-2024984865,model,1,0,4.071,0,0,84.5195,0,2868078,yes,../wrapper.py 87 1 2024984865 tuning -k_middle 26 -k_delta 1 -l_middle 37 -l_delta 6 -n_middle 38 -n_delta 5,96cb283f251ccbe8f8f5444e43aad501,sat + graded,87,2024984865,3,87
1,inst-87-2024984865,model,2,0,5.412,0,0,35.899,0,1111181,yes,../wrapper.py 87 1 2024984865 tuning -k_middle 26 -k_delta 1 -l_middle 37 -l_delta 6 -n_middle 38 -n_delta 5,96cb283f251ccbe8f8f5444e43aad501,sat + graded,87,2024984865,3,87
1,inst-87-2024984865,model,3,0,4.378,0,0,3.33699,0,97733,yes,../wrapper.py 87 1 2024984865 tuning -k_middle 26 -k_delta 1 -l_middle 37 -l_delta 6 -n_middle 38 -n_delta 5,96cb283f251ccbe8f8f5444e43aad501,sat + too easy,87,2024984865,3,87
1,inst-87-1010774377,model,0,0,4.526,0,0,12.9995,0,424341,yes,../wrapper.py 87 1 1010774377 tuning -k_middle 26 -k_delta 1 -l_middle 37 -l_delta 6 -n_middle 38 -n_delta 5,15c1170c80d251da1db527e68da4ceec,sat + graded,87,1010774377,3,87
1,inst-87-1010774377,model,1,0,4.425,0,0,299.68,0,10281393,yes,../wrapper.py 87 1 1010774377 tuning -k_middle 26 -k_delta 1 -l_middle 37 -l_delta 6 -n_middle 38 -n_delta 5,15c1170c80d251da1db527e68da4ceec,sat + graded,87,1010774377,3,87
1,inst-87-1010774377,model,2,0,5.892,0,1,NA,NA,NA,NA,../wrapper.py 87 1 1010774377 tuning -k_middle 26 -k_delta 1 -l_middle 37 -l_delta 6 -n_middle 38 -n_delta 5,15c1170c80d251da1db527e68da4ceec,solver timeout,87,1010774377,3,87
1,inst-87-531989323,model,0,0,5.589,0,0,56.3784,0,2124437,yes,../wrapper.py 87 1 531989323 tuning -k_middle 26 -k_delta 1 -l_middle 37 -l_delta 6 -n_middle 38 -n_delta 5,3dcf4c40556e331cca46ed0e4a2b7e82,sat + graded,87,531989323,3,87
1,inst-87-531989323,model,1,0,3.233,0,0,1.62426,0,54162,yes,../wrapper.py 87 1 531989323 tuning -k_middle 26 -k_delta 1 -l_middle 37 -l_delta 6 -n_middle 38 -n_delta 5,3dcf4c40556e331cca46ed0e4a2b7e82,sat + too easy,87,531989323,3,87
1,inst-87-2007234433,model,0,0,7.018,0,0,12.6695,0,335801,yes,../wrapper.py 87 1 2007234433 tuning -k_middle 26 -k_delta 1 -l_middle 37 -l_delta 6 -n_middle 38 -n_delta 5,d3fa696bbfc250f619482f0ca7113e18,sat + graded,87,2007234433,3,87
1,inst-87-2007234433,model,1,0,5.269,0,1,NA,NA,NA,NA,../wrapper.py 87 1 2007234433 tuning -k_middle 26 -k_delta 1 -l_middle 37 -l_delta 6 -n_middle 38 -n_delta 5,d3fa696bbfc250f619482f0ca7113e18,solver timeout,87,2007234433,3,87
1,inst-88-800725159,model,0,0,10.323,0,0,12.0258,0,100435,yes,../wrapper.py 88 1 800725159 tuning -k_middle 19 -k_delta 8 -l_middle 10 -l_delta 9 -n_middle 49 -n_delta 15,ab9e44da60c484e94186bece3aa1dced,sat + graded,88,800725159,3,88
1,inst-88-800725159,model,1,0,9.649,0,0,24.6018,0,182150,yes,../wrapper.py 88 1 800725159 tuning -k_middle 19 -k_delta 8 -l_middle 10 -l_delta 9 -n_middle 49 -n_delta 15,ab9e44da60c484e94186bece3aa1dced,sat + graded,88,800725159,3,88
1,inst-88-800725159,model,2,0,8.863,0,0,248.439,0,3690001,yes,../wrapper.py 88 1 800725159 tuning -k_middle 19 -k_delta 8 -l_middle 10 -l_delta 9 -n_middle 49 -n_delta 15,ab9e44da60c484e94186bece3aa1dced,sat + graded,88,800725159,3,88
1,inst-88-800725159,model,3,0,8.349,0,0,8.76682,0,100061,yes,../wrapper.py 88 1 800725159 tuning -k_middle 19 -k_delta 8 -l_middle 10 -l_delta 9 -n_middle 49 -n_delta 15,ab9e44da60c484e94186bece3aa1dced,sat + too easy,88,800725159,3,88
1,inst-88-233659786,model,0,0,7.583,0,0,29.1401,0,634941,yes,../wrapper.py 88 1 233659786 tuning -k_middle 19 -k_delta 8 -l_middle 10 -l_delta 9 -n_middle 49 -n_delta 15,a2a5c81b432504ce5cfe6c41657ca7f4,sat + graded,88,233659786,3,88
1,inst-88-233659786,model,1,0,6.48,0,0,6.13464,0,113122,yes,../wrapper.py 88 1 233659786 tuning -k_middle 19 -k_delta 8 -l_middle 10 -l_delta 9 -n_middle 49 -n_delta 15,a2a5c81b432504ce5cfe6c41657ca7f4,sat + too easy,88,233659786,3,88
1,inst-88-1125251534,model,0,0,13.284,0,0,177.115,0,759015,yes,../wrapper.py 88 1 1125251534 tuning -k_middle 19 -k_delta 8 -l_middle 10 -l_delta 9 -n_middle 49 -n_delta 15,f766ba92e36449c71612f7cea2a74fb2,sat + graded,88,1125251534,4,88
1,inst-88-1125251534,model,1,0,11.867,0,0,259.143,0,1974994,yes,../wrapper.py 88 1 1125251534 tuning -k_middle 19 -k_delta 8 -l_middle 10 -l_delta 9 -n_middle 49 -n_delta 15,f766ba92e36449c71612f7cea2a74fb2,sat + graded,88,1125251534,4,88
1,inst-88-1125251534,model,2,0,11.271,0,1,NA,NA,NA,NA,../wrapper.py 88 1 1125251534 tuning -k_middle 19 -k_delta 8 -l_middle 10 -l_delta 9 -n_middle 49 -n_delta 15,f766ba92e36449c71612f7cea2a74fb2,solver timeout,88,1125251534,4,88
1,inst-90-2024984865,model,0,0,7.852,0,0,93.0144,0,2462047,yes,../wrapper.py 90 1 2024984865 tuning -k_middle 32 -k_delta 10 -l_middle 9 -l_delta 16 -n_middle 43 -n_delta 10,7b41aba2e36f4302865aa585d10a3292,sat + graded,90,2024984865,3,90
1,inst-90-2024984865,model,1,0,6.094,0,0,249.758,0,5826912,yes,../wrapper.py 90 1 2024984865 tuning -k_middle 32 -k_delta 10 -l_middle 9 -l_delta 16 -n_middle 43 -n_delta 10,7b41aba2e36f4302865aa585d10a3292,sat + graded,90,2024984865,3,90
1,inst-90-2024984865,model,2,0,6.179,0,1,NA,NA,NA,NA,../wrapper.py 90 1 2024984865 tuning -k_middle 32 -k_delta 10 -l_middle 9 -l_delta 16 -n_middle 43 -n_delta 10,7b41aba2e36f4302865aa585d10a3292,solver timeout,90,2024984865,3,90
1,inst-91-800725159,model,0,0,7.878,0,0,283.538,0,5484882,yes,../wrapper.py 91 1 800725159 tuning -k_middle 27 -k_delta 1 -l_middle 28 -l_delta 5 -n_middle 45 -n_delta 3,c382a8dfcd367ddb1a95b7a6e36b7858,sat + graded,91,800725159,3,91
1,inst-91-800725159,model,1,0,7.126,0,1,NA,NA,NA,NA,../wrapper.py 91 1 800725159 tuning -k_middle 27 -k_delta 1 -l_middle 28 -l_delta 5 -n_middle 45 -n_delta 3,c382a8dfcd367ddb1a95b7a6e36b7858,solver timeout,91,800725159,3,91
1,inst-91-1636326408,model,0,0,8.203,0,0,76.0803,0,1690832,yes,../wrapper.py 91 1 1636326408 tuning -k_middle 27 -k_delta 1 -l_middle 28 -l_delta 5 -n_middle 45 -n_delta 3,01cc569779d7fadfe042a8f4b9cb9d55,sat + graded,91,1636326408,3,91
1,inst-91-1636326408,model,1,0,7.408,0,1,NA,NA,NA,NA,../wrapper.py 91 1 1636326408 tuning -k_middle 27 -k_delta 1 -l_middle 28 -l_delta 5 -n_middle 45 -n_delta 3,01cc569779d7fadfe042a8f4b9cb9d55,solver timeout,91,1636326408,3,91
1,inst-91-1010774377,model,0,0,7.88,0,0,10.8001,0,238799,yes,../wrapper.py 91 1 1010774377 tuning -k_middle 27 -k_delta 1 -l_middle 28 -l_delta 5 -n_middle 45 -n_delta 3,5a3655e5346e37bf39ceaba05bcfd165,sat + graded,91,1010774377,3,91
1,inst-91-1010774377,model,1,0,6.905,0,1,NA,NA,NA,NA,../wrapper.py 91 1 1010774377 tuning -k_middle 27 -k_delta 1 -l_middle 28 -l_delta 5 -n_middle 45 -n_delta 3,5a3655e5346e37bf39ceaba05bcfd165,solver timeout,91,1010774377,3,91
1,inst-93-800725159,model,0,0,10.617,0,0,28.1193,0,332583,yes,../wrapper.py 93 1 800725159 tuning -k_middle 23 -k_delta 1 -l_middle 4 -l_delta 9 -n_middle 42 -n_delta 16,bb810c32f7d3969463088de0500b7384,sat + graded,93,800725159,3,93
1,inst-93-800725159,model,1,0,9.698,0,0,9.43608,0,105865,yes,../wrapper.py 93 1 800725159 tuning -k_middle 23 -k_delta 1 -l_middle 4 -l_delta 9 -n_middle 42 -n_delta 16,bb810c32f7d3969463088de0500b7384,sat + too easy,93,800725159,3,93
1,inst-93-2024984865,model,0,0,6.916,0,0,36.1461,0,959287,yes,../wrapper.py 93 1 2024984865 tuning -k_middle 23 -k_delta 1 -l_middle 4 -l_delta 9 -n_middle 42 -n_delta 16,00c61a527ee3d276bd1b44d7bc689e3a,sat + graded,93,2024984865,3,93
1,inst-93-2024984865,model,1,0,5.667,0,0,26.2546,0,574144,yes,../wrapper.py 93 1 2024984865 tuning -k_middle 23 -k_delta 1 -l_middle 4 -l_delta 9 -n_middle 42 -n_delta 16,00c61a527ee3d276bd1b44d7bc689e3a,sat + graded,93,2024984865,3,93
1,inst-93-2024984865,model,2,0,6.051,0,0,0.66728,0,10586,yes,../wrapper.py 93 1 2024984865 tuning -k_middle 23 -k_delta 1 -l_middle 4 -l_delta 9 -n_middle 42 -n_delta 16,00c61a527ee3d276bd1b44d7bc689e3a,sat + too easy,93,2024984865,3,93
1,inst-93-1041507409,model,0,0,9.192,0,0,40.9094,0,725669,yes,../wrapper.py 93 1 1041507409 tuning -k_middle 23 -k_delta 1 -l_middle 4 -l_delta 9 -n_middle 42 -n_delta 16,1f2e2e8204db9e0210cbe7ada95a9ca4,sat + graded,93,1041507409,3,93
1,inst-93-1041507409,model,1,0,7.513,0,0,59.7041,0,1113405,yes,../wrapper.py 93 1 1041507409 tuning -k_middle 23 -k_delta 1 -l_middle 4 -l_delta 9 -n_middle 42 -n_delta 16,1f2e2e8204db9e0210cbe7ada95a9ca4,sat + graded,93,1041507409,3,93
1,inst-93-1041507409,model,2,0,7.034,0,0,11.8277,0,190874,yes,../wrapper.py 93 1 1041507409 tuning -k_middle 23 -k_delta 1 -l_middle 4 -l_delta 9 -n_middle 42 -n_delta 16,1f2e2e8204db9e0210cbe7ada95a9ca4,sat + graded,93,1041507409,3,93
1,inst-93-1041507409,model,3,0,7.524,0,0,13.1505,0,193090,yes,../wrapper.py 93 1 1041507409 tuning -k_middle 23 -k_delta 1 -l_middle 4 -l_delta 9 -n_middle 42 -n_delta 16,1f2e2e8204db9e0210cbe7ada95a9ca4,sat + graded,93,1041507409,3,93
1,inst-93-1041507409,model,4,0,7.5,0,0,14.056,0,239958,yes,../wrapper.py 93 1 1041507409 tuning -k_middle 23 -k_delta 1 -l_middle 4 -l_delta 9 -n_middle 42 -n_delta 16,1f2e2e8204db9e0210cbe7ada95a9ca4,sat + graded,93,1041507409,3,93
1,inst-93-1070551803,model,0,0,7.499,0,0,91.4941,0,2154268,yes,../wrapper.py 93 1 1070551803 tuning -k_middle 23 -k_delta 1 -l_middle 4 -l_delta 9 -n_middle 42 -n_delta 16,5dabef98ed8e49ba767a7a903149ef5e,sat + graded,93,1070551803,3,93
1,inst-93-1070551803,model,1,0,6.404,0,0,7.78823,0,172313,yes,../wrapper.py 93 1 1070551803 tuning -k_middle 23 -k_delta 1 -l_middle 4 -l_delta 9 -n_middle 42 -n_delta 16,5dabef98ed8e49ba767a7a903149ef5e,sat + too easy,93,1070551803,3,93
1,inst-93-2007234433,model,0,0,10.004,0,0,40.7569,0,427472,yes,../wrapper.py 93 1 2007234433 tuning -k_middle 23 -k_delta 1 -l_middle 4 -l_delta 9 -n_middle 42 -n_delta 16,d302eda29abc24942b1d773ce36ae7ee,sat + graded,93,2007234433,3,93
1,inst-93-2007234433,model,1,0,8.308,0,1,NA,NA,NA,NA,../wrapper.py 93 1 2007234433 tuning -k_middle 23 -k_delta 1 -l_middle 4 -l_delta 9 -n_middle 42 -n_delta 16,d302eda29abc24942b1d773ce36ae7ee,solver timeout,93,2007234433,3,93
1,inst-94-1010774377,model,0,0,7.773,0,0,92.8955,0,2526328,yes,../wrapper.py 94 1 1010774377 tuning -k_middle 33 -k_delta 10 -l_middle 21 -l_delta 1 -n_middle 37 -n_delta 6,801599ad15512a534024432b805ed8b0,sat + graded,94,1010774377,3,94
1,inst-94-1010774377,model,1,0,5.92,0,1,NA,NA,NA,NA,../wrapper.py 94 1 1010774377 tuning -k_middle 33 -k_delta 10 -l_middle 21 -l_delta 1 -n_middle 37 -n_delta 6,801599ad15512a534024432b805ed8b0,solver timeout,94,1010774377,3,94
1,inst-101-233659786,model,0,0,8.164,0,0,31.204,0,723267,yes,../wrapper.py 101 1 233659786 tuning -k_middle 21 -k_delta 5 -l_middle 6 -l_delta 10 -n_middle 46 -n_delta 13,d774766d62c8f143d74c3450276b15af,sat + graded,101,233659786,4,101
1,inst-101-233659786,model,1,0,6.34,0,0,44.9367,0,1083591,yes,../wrapper.py 101 1 233659786 tuning -k_middle 21 -k_delta 5 -l_middle 6 -l_delta 10 -n_middle 46 -n_delta 13,d774766d62c8f143d74c3450276b15af,sat + graded,101,233659786,4,101
1,inst-101-233659786,model,2,0,6.62,0,0,19.9702,0,333181,yes,../wrapper.py 101 1 233659786 tuning -k_middle 21 -k_delta 5 -l_middle 6 -l_delta 10 -n_middle 46 -n_delta 13,d774766d62c8f143d74c3450276b15af,sat + graded,101,233659786,4,101
1,inst-101-233659786,model,3,0,7.007,0,0,9.51788,0,163784,yes,../wrapper.py 101 1 233659786 tuning -k_middle 21 -k_delta 5 -l_middle 6 -l_delta 10 -n_middle 46 -n_delta 13,d774766d62c8f143d74c3450276b15af,sat + too easy,101,233659786,4,101
1,inst-101-2007234433,model,0,0,7.971,0,0,39.6571,0,746794,yes,../wrapper.py 101 1 2007234433 tuning -k_middle 21 -k_delta 5 -l_middle 6 -l_delta 10 -n_middle 46 -n_delta 13,d00b462473c3bc2297b5c6709bcc390b,sat + graded,101,2007234433,4,101
1,inst-101-2007234433,model,1,0,6.683,0,0,12.4432,0,148566,yes,../wrapper.py 101 1 2007234433 tuning -k_middle 21 -k_delta 5 -l_middle 6 -l_delta 10 -n_middle 46 -n_delta 13,d00b462473c3bc2297b5c6709bcc390b,sat + graded,101,2007234433,4,101
1,inst-101-2007234433,model,2,0,6.472,0,0,23.3417,0,413745,yes,../wrapper.py 101 1 2007234433 tuning -k_middle 21 -k_delta 5 -l_middle 6 -l_delta 10 -n_middle 46 -n_delta 13,d00b462473c3bc2297b5c6709bcc390b,sat + graded,101,2007234433,4,101
1,inst-101-2007234433,model,3,0,7.812,0,0,186.312,0,3652296,yes,../wrapper.py 101 1 2007234433 tuning -k_middle 21 -k_delta 5 -l_middle 6 -l_delta 10 -n_middle 46 -n_delta 13,d00b462473c3bc2297b5c6709bcc390b,sat + graded,101,2007234433,4,101
1,inst-101-2007234433,model,4,0,6.514,0,0,1.04486,0,9955,yes,../wrapper.py 101 1 2007234433 tuning -k_middle 21 -k_delta 5 -l_middle 6 -l_delta 10 -n_middle 46 -n_delta 13,d00b462473c3bc2297b5c6709bcc390b,sat + too easy,101,2007234433,4,101
1,inst-102-1125251534,model,0,0,8.772,0,0,272.936,0,5381996,yes,../wrapper.py 102 1 1125251534 tuning -k_middle 22 -k_delta 4 -l_middle 30 -l_delta 14 -n_middle 42 -n_delta 6,d42a33cc317be9e5d0bff3171f99cc69,sat + graded,102,1125251534,4,102
1,inst-102-1125251534,model,1,0,9.879,0,0,40.2343,0,723067,yes,../wrapper.py 102 1 1125251534 tuning -k_middle 22 -k_delta 4 -l_middle 30 -l_delta 14 -n_middle 42 -n_delta 6,d42a33cc317be9e5d0bff3171f99cc69,sat + graded,102,1125251534,4,102
1,inst-102-1125251534,model,2,0,7.182,0,0,276.735,0,5138976,yes,../wrapper.py 102 1 1125251534 tuning -k_middle 22 -k_delta 4 -l_middle 30 -l_delta 14 -n_middle 42 -n_delta 6,d42a33cc317be9e5d0bff3171f99cc69,sat + graded,102,1125251534,4,102
1,inst-102-1125251534,model,3,0,8.101,0,0,11.0516,0,251959,yes,../wrapper.py 102 1 1125251534 tuning -k_middle 22 -k_delta 4 -l_middle 30 -l_delta 14 -n_middle 42 -n_delta 6,d42a33cc317be9e5d0bff3171f99cc69,sat + graded,102,1125251534,4,102
1,inst-102-1125251534,model,4,0,7.634,0,1,NA,NA,NA,NA,../wrapper.py 102 1 1125251534 tuning -k_middle 22 -k_delta 4 -l_middle 30 -l_delta 14 -n_middle 42 -n_delta 6,d42a33cc317be9e5d0bff3171f99cc69,solver timeout,102,1125251534,4,102
1,inst-102-1296195505,model,0,0,6.75,0,0,32.9921,0,1195969,yes,../wrapper.py 102 1 1296195505 tuning -k_middle 22 -k_delta 4 -l_middle 30 -l_delta 14 -n_middle 42 -n_delta 6,a962b597848efb41cdb178884fded905,sat + graded,102,1296195505,4,102
1,inst-102-1296195505,model,1,0,5.479,0,0,0.325674,0,10621,yes,../wrapper.py 102 1 1296195505 tuning -k_middle 22 -k_delta 4 -l_middle 30 -l_delta 14 -n_middle 42 -n_delta 6,a962b597848efb41cdb178884fded905,sat + too easy,102,1296195505,4,102
1,inst-102-1041507409,model,0,0,7.019,0,0,26.5221,0,724169,yes,../wrapper.py 102 1 1041507409 tuning -k_middle 22 -k_delta 4 -l_middle 30 -l_delta 14 -n_middle 42 -n_delta 6,929a498e83e9661ef332bbe68abd7ebb,sat + graded,102,1041507409,4,102
1,inst-102-1041507409,model,1,0,5.41,0,1,NA,NA,NA,NA,../wrapper.py 102 1 1041507409 tuning -k_middle 22 -k_delta 4 -l_middle 30 -l_delta 14 -n_middle 42 -n_delta 6,929a498e83e9661ef332bbe68abd7ebb,solver timeout,102,1041507409,4,102
1,inst-103-1296195505,model,0,0,8.726,0,0,23.2701,0,339117,yes,../wrapper.py 103 1 1296195505 tuning -k_middle 23 -k_delta 4 -l_middle 12 -l_delta 11 -n_middle 49 -n_delta 11,d26677839ec292303194e7bd4aae9273,sat + graded,103,1296195505,4,103
1,inst-103-1296195505,model,1,0,6.8,0,0,29.5621,0,539385,yes,../wrapper.py 103 1 1296195505 tuning -k_middle 23 -k_delta 4 -l_middle 12 -l_delta 11 -n_middle 49 -n_delta 11,d26677839ec292303194e7bd4aae9273,sat + graded,103,1296195505,4,103
1,inst-103-1296195505,model,2,0,7.037,0,1,NA,NA,NA,NA,../wrapper.py 103 1 1296195505 tuning -k_middle 23 -k_delta 4 -l_middle 12 -l_delta 11 -n_middle 49 -n_delta 11,d26677839ec292303194e7bd4aae9273,solver timeout,103,1296195505,4,103
1,inst-103-2024984865,model,0,0,7.195,0,0,158.097,0,5479917,yes,../wrapper.py 103 1 2024984865 tuning -k_middle 23 -k_delta 4 -l_middle 12 -l_delta 11 -n_middle 49 -n_delta 11,5e7485013ea10b050c5fe03fe0b6e97f,sat + graded,103,2024984865,4,103
1,inst-103-2024984865,model,1,0,5.984,0,0,1.39206,0,31162,yes,../wrapper.py 103 1 2024984865 tuning -k_middle 23 -k_delta 4 -l_middle 12 -l_delta 11 -n_middle 49 -n_delta 11,5e7485013ea10b050c5fe03fe0b6e97f,sat + too easy,103,2024984865,4,103
1,inst-103-233659786,model,0,0,8.5,0,0,219.606,0,5412834,yes,../wrapper.py 103 1 233659786 tuning -k_middle 23 -k_delta 4 -l_middle 12 -l_delta 11 -n_middle 49 -n_delta 11,3c442b8d50ad5371b3fc149cbe3d7d68,sat + graded,103,233659786,4,103
1,inst-103-233659786,model,1,0,6.699,0,0,26.9,0,537855,yes,../wrapper.py 103 1 233659786 tuning -k_middle 23 -k_delta 4 -l_middle 12 -l_delta 11 -n_middle 49 -n_delta 11,3c442b8d50ad5371b3fc149cbe3d7d68,sat + graded,103,233659786,4,103
1,inst-103-233659786,model,2,0,7.242,0,1,NA,NA,NA,NA,../wrapper.py 103 1 233659786 tuning -k_middle 23 -k_delta 4 -l_middle 12 -l_delta 11 -n_middle 49 -n_delta 11,3c442b8d50ad5371b3fc149cbe3d7d68,solver timeout,103,233659786,4,103
1,inst-103-800725159,model,0,0,10.613,0,0,103.911,0,840254,yes,../wrapper.py 103 1 800725159 tuning -k_middle 23 -k_delta 4 -l_middle 12 -l_delta 11 -n_middle 49 -n_delta 11,a5d41440dd1ae901e908c0efcdc69037,sat + graded,103,800725159,4,103
1,inst-103-800725159,model,1,0,8.89,0,0,19.9657,0,167496,yes,../wrapper.py 103 1 800725159 tuning -k_middle 23 -k_delta 4 -l_middle 12 -l_delta 11 -n_middle 49 -n_delta 11,a5d41440dd1ae901e908c0efcdc69037,sat + graded,103,800725159,4,103
1,inst-103-800725159,model,2,0,9.025,0,0,13.7781,0,122695,yes,../wrapper.py 103 1 800725159 tuning -k_middle 23 -k_delta 4 -l_middle 12 -l_delta 11 -n_middle 49 -n_delta 11,a5d41440dd1ae901e908c0efcdc69037,sat + graded,103,800725159,4,103
1,inst-103-800725159,model,3,0,9.83,0,0,17.3689,0,156240,yes,../wrapper.py 103 1 800725159 tuning -k_middle 23 -k_delta 4 -l_middle 12 -l_delta 11 -n_middle 49 -n_delta 11,a5d41440dd1ae901e908c0efcdc69037,sat + graded,103,800725159,4,103
1,inst-103-800725159,model,4,0,9.797,0,0,189.947,0,2447428,yes,../wrapper.py 103 1 800725159 tuning -k_middle 23 -k_delta 4 -l_middle 12 -l_delta 11 -n_middle 49 -n_delta 11,a5d41440dd1ae901e908c0efcdc69037,sat + graded,103,800725159,4,103
1,inst-104-233659786,model,0,0,5.962,0,0,82.5556,0,3744290,yes,../wrapper.py 104 1 233659786 tuning -k_middle 19 -k_delta 2 -l_middle 24 -l_delta 15 -n_middle 39 -n_delta 11,a0fdb0313fb77367d2f83949958cc7ef,sat + graded,104,233659786,4,104
1,inst-104-233659786,model,1,0,4.609,0,0,81.6957,0,3696538,yes,../wrapper.py 104 1 233659786 tuning -k_middle 19 -k_delta 2 -l_middle 24 -l_delta 15 -n_middle 39 -n_delta 11,a0fdb0313fb77367d2f83949958cc7ef,sat + graded,104,233659786,4,104
1,inst-104-233659786,model,2,0,4.511,0,0,0.234574,0,6530,yes,../wrapper.py 104 1 233659786 tuning -k_middle 19 -k_delta 2 -l_middle 24 -l_delta 15 -n_middle 39 -n_delta 11,a0fdb0313fb77367d2f83949958cc7ef,sat + too easy,104,233659786,4,104
1,inst-108-1125251534,model,0,0,8.244,0,0,63.5585,0,1373332,yes,../wrapper.py 108 1 1125251534 tuning -k_middle 24 -k_delta 1 -l_middle 32 -l_delta 13 -n_middle 41 -n_delta 8,8ce91f7994bdc1698843e2dd89a489bb,sat + graded,108,1125251534,4,108
1,inst-108-1125251534,model,1,0,7.305,0,0,25.2487,0,509117,yes,../wrapper.py 108 1 1125251534 tuning -k_middle 24 -k_delta 1 -l_middle 32 -l_delta 13 -n_middle 41 -n_delta 8,8ce91f7994bdc1698843e2dd89a489bb,sat + graded,108,1125251534,4,108
1,inst-108-1125251534,model,2,0,8.147,0,0,4.58491,0,91448,yes,../wrapper.py 108 1 1125251534 tuning -k_middle 24 -k_delta 1 -l_middle 32 -l_delta 13 -n_middle 41 -n_delta 8,8ce91f7994bdc1698843e2dd89a489bb,sat + too easy,108,1125251534,4,108
1,inst-108-2024984865,model,0,0,4.644,0,0,22.7022,0,860375,yes,../wrapper.py 108 1 2024984865 tuning -k_middle 24 -k_delta 1 -l_middle 32 -l_delta 13 -n_middle 41 -n_delta 8,b911409091d56dfee48f115c4667b98a,sat + graded,108,2024984865,4,108
1,inst-108-2024984865,model,1,0,5.485,0,1,NA,NA,NA,NA,../wrapper.py 108 1 2024984865 tuning -k_middle 24 -k_delta 1 -l_middle 32 -l_delta 13 -n_middle 41 -n_delta 8,b911409091d56dfee48f115c4667b98a,solver timeout,108,2024984865,4,108
1,inst-108-233659786,model,0,0,6.49,0,0,45.789,0,1376563,yes,../wrapper.py 108 1 233659786 tuning -k_middle 24 -k_delta 1 -l_middle 32 -l_delta 13 -n_middle 41 -n_delta 8,a88776fa165d5884d7fd87e94cca58ce,sat + graded,108,233659786,4,108
1,inst-108-233659786,model,1,0,5.219,0,0,1.21518,0,33343,yes,../wrapper.py 108 1 233659786 tuning -k_middle 24 -k_delta 1 -l_middle 32 -l_delta 13 -n_middle 41 -n_delta 8,a88776fa165d5884d7fd87e94cca58ce,sat + too easy,108,233659786,4,108
1,inst-108-800725159,model,0,0,7.72,0,0,73.6108,0,1790056,yes,../wrapper.py 108 1 800725159 tuning -k_middle 24 -k_delta 1 -l_middle 32 -l_delta 13 -n_middle 41 -n_delta 8,fd875657d1694b621d10ee4d4b99e52f,sat + graded,108,800725159,4,108
1,inst-108-800725159,model,1,0,5.275,0,1,NA,NA,NA,NA,../wrapper.py 108 1 800725159 tuning -k_middle 24 -k_delta 1 -l_middle 32 -l_delta 13 -n_middle 41 -n_delta 8,fd875657d1694b621d10ee4d4b99e52f,solver timeout,108,800725159,4,108
1,inst-108-1070551803,model,0,0,7.152,0,0,14.0721,0,357825,yes,../wrapper.py 108 1 1070551803 tuning -k_middle 24 -k_delta 1 -l_middle 32 -l_delta 13 -n_middle 41 -n_delta 8,2b4f0086c064d8015958f978d40f9bda,sat + graded,108,1070551803,4,108
1,inst-108-1070551803,model,1,0,5.566,0,1,NA,NA,NA,NA,../wrapper.py 108 1 1070551803 tuning -k_middle 24 -k_delta 1 -l_middle 32 -l_delta 13 -n_middle 41 -n_delta 8,2b4f0086c064d8015958f978d40f9bda,solver timeout,108,1070551803,4,108
1,inst-109-2007234433,model,0,0,7.687,0,0,219.504,0,5595760,yes,../wrapper.py 109 1 2007234433 tuning -k_middle 23 -k_delta 1 -l_middle 26 -l_delta 18 -n_middle 47 -n_delta 9,ca59d601d31d6823ace0ffcc56f30ee0,sat + graded,109,2007234433,4,109
1,inst-109-2007234433,model,1,0,7.198,0,0,1.5652,0,32515,yes,../wrapper.py 109 1 2007234433 tuning -k_middle 23 -k_delta 1 -l_middle 26 -l_delta 18 -n_middle 47 -n_delta 9,ca59d601d31d6823ace0ffcc56f30ee0,sat + too easy,109,2007234433,4,109
1,inst-109-681062997,model,0,0,6.799,0,0,91.022,0,3207844,yes,../wrapper.py 109 1 681062997 tuning -k_middle 23 -k_delta 1 -l_middle 26 -l_delta 18 -n_middle 47 -n_delta 9,d202e0991aa75787ce94d91883947704,sat + graded,109,681062997,4,109
1,inst-109-681062997,model,1,0,5.318,0,1,NA,NA,NA,NA,../wrapper.py 109 1 681062997 tuning -k_middle 23 -k_delta 1 -l_middle 26 -l_delta 18 -n_middle 47 -n_delta 9,d202e0991aa75787ce94d91883947704,solver timeout,109,681062997,4,109
1,inst-109-1691230362,model,0,0,6.247,0,0,230.243,0,5487884,yes,../wrapper.py 109 1 1691230362 tuning -k_middle 23 -k_delta 1 -l_middle 26 -l_delta 18 -n_middle 47 -n_delta 9,1f2f12ec97f2fa28ae8d6389f40894a9,sat + graded,109,1691230362,5,109
1,inst-109-1691230362,model,1,0,6.909,0,0,8.4272,0,166884,yes,../wrapper.py 109 1 1691230362 tuning -k_middle 23 -k_delta 1 -l_middle 26 -l_delta 18 -n_middle 47 -n_delta 9,1f2f12ec97f2fa28ae8d6389f40894a9,sat + too easy,109,1691230362,5,109
1,inst-110-1125251534,model,0,0,7.825,0,0,106.636,0,1876553,yes,../wrapper.py 110 1 1125251534 tuning -k_middle 12 -k_delta 8 -l_middle 18 -l_delta 8 -n_middle 48 -n_delta 17,95554896c6e73e03ddb0c5aa9b496f32,sat + graded,110,1125251534,4,110
1,inst-110-1125251534,model,1,0,7.63,0,0,54.8552,0,841622,yes,../wrapper.py 110 1 1125251534 tuning -k_middle 12 -k_delta 8 -l_middle 18 -l_delta 8 -n_middle 48 -n_delta 17,95554896c6e73e03ddb0c5aa9b496f32,sat + graded,110,1125251534,4,110
1,inst-110-1125251534,model,2,0,7.514,0,0,29.6829,0,668483,yes,../wrapper.py 110 1 1125251534 tuning -k_middle 12 -k_delta 8 -l_middle 18 -l_delta 8 -n_middle 48 -n_delta 17,95554896c6e73e03ddb0c5aa9b496f32,sat + graded,110,1125251534,4,110
1,inst-110-1125251534,model,3,0,8.444,0,0,99.6128,0,2464031,yes,../wrapper.py 110 1 1125251534 tuning -k_middle 12 -k_delta 8 -l_middle 18 -l_delta 8 -n_middle 48 -n_delta 17,95554896c6e73e03ddb0c5aa9b496f32,sat + graded,110,1125251534,4,110
1,inst-110-1125251534,model,4,0,6.97,0,0,2.37633,0,31931,yes,../wrapper.py 110 1 1125251534 tuning -k_middle 12 -k_delta 8 -l_middle 18 -l_delta 8 -n_middle 48 -n_delta 17,95554896c6e73e03ddb0c5aa9b496f32,sat + too easy,110,1125251534,4,110
1,inst-111-1125251534,model,0,0,10.03,0,0,26.1456,0,340494,yes,../wrapper.py 111 1 1125251534 tuning -k_middle 19 -k_delta 5 -l_middle 15 -l_delta 13 -n_middle 42 -n_delta 15,01e8c7ac8c77ac6368f0f25d2010e4fd,sat + graded,111,1125251534,4,111
1,inst-111-1125251534,model,1,0,10.133,0,0,89.0994,0,765098,yes,../wrapper.py 111 1 1125251534 tuning -k_middle 19 -k_delta 5 -l_middle 15 -l_delta 13 -n_middle 42 -n_delta 15,01e8c7ac8c77ac6368f0f25d2010e4fd,sat + graded,111,1125251534,4,111
1,inst-111-1125251534,model,2,0,9.537,0,0,80.3442,0,749508,yes,../wrapper.py 111 1 1125251534 tuning -k_middle 19 -k_delta 5 -l_middle 15 -l_delta 13 -n_middle 42 -n_delta 15,01e8c7ac8c77ac6368f0f25d2010e4fd,sat + graded,111,1125251534,4,111
1,inst-111-1125251534,model,3,0,9.593,0,1,NA,NA,NA,NA,../wrapper.py 111 1 1125251534 tuning -k_middle 19 -k_delta 5 -l_middle 15 -l_delta 13 -n_middle 42 -n_delta 15,01e8c7ac8c77ac6368f0f25d2010e4fd,solver timeout,111,1125251534,4,111
1,inst-111-2024984865,model,0,0,5.803,0,0,51.6665,0,2433008,yes,../wrapper.py 111 1 2024984865 tuning -k_middle 19 -k_delta 5 -l_middle 15 -l_delta 13 -n_middle 42 -n_delta 15,917739cb43a007667c916f9aa4d49fee,sat + graded,111,2024984865,4,111
1,inst-111-2024984865,model,1,0,5.025,0,0,3.19299,0,122465,yes,../wrapper.py 111 1 2024984865 tuning -k_middle 19 -k_delta 5 -l_middle 15 -l_delta 13 -n_middle 42 -n_delta 15,917739cb43a007667c916f9aa4d49fee,sat + too easy,111,2024984865,4,111
1,inst-112-1125251534,model,0,0,9.469,0,0,154.591,0,2878050,yes,../wrapper.py 112 1 1125251534 tuning -k_middle 22 -k_delta 3 -l_middle 30 -l_delta 14 -n_middle 48 -n_delta 9,acd042e2e0c6033974f01d0130dd00be,sat + graded,112,1125251534,4,112
1,inst-112-1125251534,model,1,0,9.056,0,1,NA,NA,NA,NA,../wrapper.py 112 1 1125251534 tuning -k_middle 22 -k_delta 3 -l_middle 30 -l_delta 14 -n_middle 48 -n_delta 9,acd042e2e0c6033974f01d0130dd00be,solver timeout,112,1125251534,4,112
1,inst-112-1296195505,model,0,0,6.96,0,0,23.0959,0,724461,yes,../wrapper.py 112 1 1296195505 tuning -k_middle 22 -k_delta 3 -l_middle 30 -l_delta 14 -n_middle 48 -n_delta 9,0148c64bb0eefeb8a7d608fe57bdd929,sat + graded,112,1296195505,4,112
1,inst-112-1296195505,model,1,0,5.294,0,0,36.2821,0,1099032,yes,../wrapper.py 112 1 1296195505 tuning -k_middle 22 -k_delta 3 -l_middle 30 -l_delta 14 -n_middle 48 -n_delta 9,0148c64bb0eefeb8a7d608fe57bdd929,sat + graded,112,1296195505,4,112
1,inst-112-1296195505,model,2,0,5.431,0,1,NA,NA,NA,NA,../wrapper.py 112 1 1296195505 tuning -k_middle 22 -k_delta 3 -l_middle 30 -l_delta 14 -n_middle 48 -n_delta 9,0148c64bb0eefeb8a7d608fe57bdd929,solver timeout,112,1296195505,4,112
1,inst-112-233659786,model,0,0,7.425,0,0,65.3432,0,1733548,yes,../wrapper.py 112 1 233659786 tuning -k_middle 22 -k_delta 3 -l_middle 30 -l_delta 14 -n_middle 48 -n_delta 9,31fcba3f71e4b1b6b675d6bc4fc78bf5,sat + graded,112,233659786,4,112
1,inst-112-233659786,model,1,0,5.792,0,0,11.6978,0,335867,yes,../wrapper.py 112 1 233659786 tuning -k_middle 22 -k_delta 3 -l_middle 30 -l_delta 14 -n_middle 48 -n_delta 9,31fcba3f71e4b1b6b675d6bc4fc78bf5,sat + graded,112,233659786,4,112
1,inst-112-233659786,model,2,0,5.517,0,0,1.78485,0,41235,yes,../wrapper.py 112 1 233659786 tuning -k_middle 22 -k_delta 3 -l_middle 30 -l_delta 14 -n_middle 48 -n_delta 9,31fcba3f71e4b1b6b675d6bc4fc78bf5,sat + too easy,112,233659786,4,112
1,inst-112-531989323,model,0,0,5.042,0,0,23.4575,0,860375,yes,../wrapper.py 112 1 531989323 tuning -k_middle 22 -k_delta 3 -l_middle 30 -l_delta 14 -n_middle 48 -n_delta 9,273f44ed4cf9f4069ba40634d3edd5e7,sat + graded,112,531989323,4,112
1,inst-112-531989323,model,1,0,3.988,0,1,NA,NA,NA,NA,../wrapper.py 112 1 531989323 tuning -k_middle 22 -k_delta 3 -l_middle 30 -l_delta 14 -n_middle 48 -n_delta 9,273f44ed4cf9f4069ba40634d3edd5e7,solver timeout,112,531989323,4,112
1,inst-112-1041507409,model,0,0,7.879,0,0,84.041,0,2446450,yes,../wrapper.py 112 1 1041507409 tuning -k_middle 22 -k_delta 3 -l_middle 30 -l_delta 14 -n_middle 48 -n_delta 9,8842c65a89784a4ee6bd79aa84987502,sat + graded,112,1041507409,4,112
1,inst-112-1041507409,model,1,0,6.037,0,1,NA,NA,NA,NA,../wrapper.py 112 1 1041507409 tuning -k_middle 22 -k_delta 3 -l_middle 30 -l_delta 14 -n_middle 48 -n_delta 9,8842c65a89784a4ee6bd79aa84987502,solver timeout,112,1041507409,4,112
1,inst-113-1041507409,model,0,0,8.969,0,0,26.3666,0,486003,yes,../wrapper.py 113 1 1041507409 tuning -k_middle 18 -k_delta 4 -l_middle 2 -l_delta 9 -n_middle 45 -n_delta 14,4dd9e893cbad744493fbf5eb4bc76cb7,sat + graded,113,1041507409,4,113
1,inst-113-1041507409,model,1,0,6.371,0,0,4.37844,0,42669,yes,../wrapper.py 113 1 1041507409 tuning -k_middle 18 -k_delta 4 -l_middle 2 -l_delta 9 -n_middle 45 -n_delta 14,4dd9e893cbad744493fbf5eb4bc76cb7,sat + too easy,113,1041507409,4,113
1,inst-114-800725159,model,0,0,8.772,0,0,110.043,0,1873383,yes,../wrapper.py 114 1 800725159 tuning -k_middle 19 -k_delta 10 -l_middle 14 -l_delta 10 -n_middle 45 -n_delta 17,c321ca1cfd329f68d3fc6cda13b4d57a,sat + graded,114,800725159,4,114
1,inst-114-800725159,model,1,0,7.588,0,0,4.68856,0,73281,yes,../wrapper.py 114 1 800725159 tuning -k_middle 19 -k_delta 10 -l_middle 14 -l_delta 10 -n_middle 45 -n_delta 17,c321ca1cfd329f68d3fc6cda13b4d57a,sat + too easy,114,800725159,4,114
1,inst-114-1041507409,model,0,0,9.044,0,0,88.5441,0,2433293,yes,../wrapper.py 114 1 1041507409 tuning -k_middle 19 -k_delta 10 -l_middle 14 -l_delta 10 -n_middle 45 -n_delta 17,c3937490ac6078649ce3a02fd143a072,sat + graded,114,1041507409,4,114
1,inst-114-1041507409,model,1,0,6.929,0,0,14.1279,0,342250,yes,../wrapper.py 114 1 1041507409 tuning -k_middle 19 -k_delta 10 -l_middle 14 -l_delta 10 -n_middle 45 -n_delta 17,c3937490ac6078649ce3a02fd143a072,sat + graded,114,1041507409,4,114
1,inst-114-1041507409,model,2,0,6.752,0,0,211.689,0,5942499,yes,../wrapper.py 114 1 1041507409 tuning -k_middle 19 -k_delta 10 -l_middle 14 -l_delta 10 -n_middle 45 -n_delta 17,c3937490ac6078649ce3a02fd143a072,sat + graded,114,1041507409,4,114
1,inst-114-1041507409,model,3,0,7.516,0,1,NA,NA,NA,NA,../wrapper.py 114 1 1041507409 tuning -k_middle 19 -k_delta 10 -l_middle 14 -l_delta 10 -n_middle 45 -n_delta 17,c3937490ac6078649ce3a02fd143a072,solver timeout,114,1041507409,4,114
1,inst-115-1125251534,model,0,0,7.532,0,0,68.7965,0,1087075,yes,../wrapper.py 115 1 1125251534 tuning -k_middle 12 -k_delta 5 -l_middle 16 -l_delta 16 -n_middle 31 -n_delta 14,d8d099964f50d62e958242a248b85922,sat + graded,115,1125251534,4,115
1,inst-115-1125251534,model,1,0,7.221,0,0,1.92421,0,18754,yes,../wrapper.py 115 1 1125251534 tuning -k_middle 12 -k_delta 5 -l_middle 16 -l_delta 16 -n_middle 31 -n_delta 14,d8d099964f50d62e958242a248b85922,sat + too easy,115,1125251534,4,115
1,inst-116-2024984865,model,0,0,6.331,0,0,10.2884,0,287563,yes,../wrapper.py 116 1 2024984865 tuning -k_middle 27 -k_delta 5 -l_middle 32 -l_delta 14 -n_middle 48 -n_delta 6,e1952dc347445d3819f03ef8239f6028,sat + graded,116,2024984865,4,116
1,inst-116-2024984865,model,1,0,5.376,0,0,0.602538,0,13648,yes,../wrapper.py 116 1 2024984865 tuning -k_middle 27 -k_delta 5 -l_middle 32 -l_delta 14 -n_middle 48 -n_delta 6,e1952dc347445d3819f03ef8239f6028,sat + too easy,116,2024984865,4,116
1,inst-116-2003408602,model,0,0,7.618,0,0,20.4408,0,498480,yes,../wrapper.py 116 1 2003408602 tuning -k_middle 27 -k_delta 5 -l_middle 32 -l_delta 14 -n_middle 48 -n_delta 6,04c9ade9cf4faeb5feae6df9fe2fdaec,sat + graded,116,2003408602,4,116
1,inst-116-2003408602,model,1,0,5.238,0,0,21.9548,0,506174,yes,../wrapper.py 116 1 2003408602 tuning -k_middle 27 -k_delta 5 -l_middle 32 -l_delta 14 -n_middle 48 -n_delta 6,04c9ade9cf4faeb5feae6df9fe2fdaec,sat + graded,116,2003408602,4,116
1,inst-116-2003408602,model,2,0,6.171,0,1,NA,NA,NA,NA,../wrapper.py 116 1 2003408602 tuning -k_middle 27 -k_delta 5 -l_middle 32 -l_delta 14 -n_middle 48 -n_delta 6,04c9ade9cf4faeb5feae6df9fe2fdaec,solver timeout,116,2003408602,4,116
1,inst-117-233659786,model,0,0,6.587,0,0,22.2633,0,655599,yes,../wrapper.py 117 1 233659786 tuning -k_middle 19 -k_delta 11 -l_middle 33 -l_delta 11 -n_middle 49 -n_delta 9,10a2f2900a495c3c06477a5f507d9ba8,sat + graded,117,233659786,4,117
1,inst-117-233659786,model,1,0,6.004,0,0,2.24322,0,57502,yes,../wrapper.py 117 1 233659786 tuning -k_middle 19 -k_delta 11 -l_middle 33 -l_delta 11 -n_middle 49 -n_delta 9,10a2f2900a495c3c06477a5f507d9ba8,sat + too easy,117,233659786,4,117
1,inst-117-531989323,model,0,0,5.332,0,0,14.047,0,534113,yes,../wrapper.py 117 1 531989323 tuning -k_middle 19 -k_delta 11 -l_middle 33 -l_delta 11 -n_middle 49 -n_delta 9,71e34e620e5ff79276798faf89f51d06,sat + graded,117,531989323,4,117
1,inst-117-531989323,model,1,0,3.629,0,0,1.93293,0,65924,yes,../wrapper.py 117 1 531989323 tuning -k_middle 19 -k_delta 11 -l_middle 33 -l_delta 11 -n_middle 49 -n_delta 9,71e34e620e5ff79276798faf89f51d06,sat + too easy,117,531989323,4,117
1,inst-118-2003408602,model,0,0,7.543,0,0,31.1629,0,783182,yes,../wrapper.py 118 1 2003408602 tuning -k_middle 26 -k_delta 3 -l_middle 13 -l_delta 8 -n_middle 45 -n_delta 13,81c66878161441984a0e8775124ac842,sat + graded,118,2003408602,4,118
1,inst-118-2003408602,model,1,0,6.492,0,0,82.6218,0,2245927,yes,../wrapper.py 118 1 2003408602 tuning -k_middle 26 -k_delta 3 -l_middle 13 -l_delta 8 -n_middle 45 -n_delta 13,81c66878161441984a0e8775124ac842,sat + graded,118,2003408602,4,118
1,inst-118-2003408602,model,2,0,6.796,0,1,NA,NA,NA,NA,../wrapper.py 118 1 2003408602 tuning -k_middle 26 -k_delta 3 -l_middle 13 -l_delta 8 -n_middle 45 -n_delta 13,81c66878161441984a0e8775124ac842,solver timeout,118,2003408602,4,118
1,inst-118-233659786,model,0,0,7.455,0,0,223.412,0,5325982,yes,../wrapper.py 118 1 233659786 tuning -k_middle 26 -k_delta 3 -l_middle 13 -l_delta 8 -n_middle 45 -n_delta 13,d77c54afd2fe6a7921ef84f1a08fdd86,sat + graded,118,233659786,4,118
1,inst-118-233659786,model,1,0,6.397,0,1,NA,NA,NA,NA,../wrapper.py 118 1 233659786 tuning -k_middle 26 -k_delta 3 -l_middle 13 -l_delta 8 -n_middle 45 -n_delta 13,d77c54afd2fe6a7921ef84f1a08fdd86,solver timeout,118,233659786,4,118
1,inst-118-1636326408,model,0,0,10.154,0,0,26.8753,0,239754,yes,../wrapper.py 118 1 1636326408 tuning -k_middle 26 -k_delta 3 -l_middle 13 -l_delta 8 -n_middle 45 -n_delta 13,07d31fa50deb4d2dc8303d67fd9d6785,sat + graded,118,1636326408,4,118
1,inst-118-1636326408,model,1,0,8.585,0,1,NA,NA,NA,NA,../wrapper.py 118 1 1636326408 tuning -k_middle 26 -k_delta 3 -l_middle 13 -l_delta 8 -n_middle 45 -n_delta 13,07d31fa50deb4d2dc8303d67fd9d6785,solver timeout,118,1636326408,4,118
1,inst-119-1296195505,model,0,0,7.182,0,0,58.5772,0,1854879,yes,../wrapper.py 119 1 1296195505 tuning -k_middle 23 -k_delta 3 -l_middle 31 -l_delta 11 -n_middle 43 -n_delta 4,93230e0aefd75d3b04267e16c67329c2,sat + graded,119,1296195505,4,119
1,inst-119-1296195505,model,1,0,5.662,0,0,44.7768,0,1246026,yes,../wrapper.py 119 1 1296195505 tuning -k_middle 23 -k_delta 3 -l_middle 31 -l_delta 11 -n_middle 43 -n_delta 4,93230e0aefd75d3b04267e16c67329c2,sat + graded,119,1296195505,4,119
1,inst-119-1296195505,model,2,0,5.62,0,0,3.38445,0,101633,yes,../wrapper.py 119 1 1296195505 tuning -k_middle 23 -k_delta 3 -l_middle 31 -l_delta 11 -n_middle 43 -n_delta 4,93230e0aefd75d3b04267e16c67329c2,sat + too easy,119,1296195505,4,119
1,inst-119-800725159,model,0,0,8.464,0,0,115.789,0,2448463,yes,../wrapper.py 119 1 800725159 tuning -k_middle 23 -k_delta 3 -l_middle 31 -l_delta 11 -n_middle 43 -n_delta 4,31f9e680f9de78ae8f17e3c363aab1c8,sat + graded,119,800725159,4,119
1,inst-119-800725159,model,1,0,6.72,0,1,NA,NA,NA,NA,../wrapper.py 119 1 800725159 tuning -k_middle 23 -k_delta 3 -l_middle 31 -l_delta 11 -n_middle 43 -n_delta 4,31f9e680f9de78ae8f17e3c363aab1c8,solver timeout,119,800725159,4,119
1,inst-119-1636326408,model,0,0,8.091,0,0,21.7243,0,546596,yes,../wrapper.py 119 1 1636326408 tuning -k_middle 23 -k_delta 3 -l_middle 31 -l_delta 11 -n_middle 43 -n_delta 4,7b5621feb3e52dfa215a9a2ce9eaf577,sat + graded,119,1636326408,4,119
1,inst-119-1636326408,model,1,0,6.869,0,0,84.7676,0,2454757,yes,../wrapper.py 119 1 1636326408 tuning -k_middle 23 -k_delta 3 -l_middle 31 -l_delta 11 -n_middle 43 -n_delta 4,7b5621feb3e52dfa215a9a2ce9eaf577,sat + graded,119,1636326408,4,119
1,inst-119-1636326408,model,2,0,6.132,0,0,165.558,0,3485989,yes,../wrapper.py 119 1 1636326408 tuning -k_middle 23 -k_delta 3 -l_middle 31 -l_delta 11 -n_middle 43 -n_delta 4,7b5621feb3e52dfa215a9a2ce9eaf577,sat + graded,119,1636326408,4,119
1,inst-119-1636326408,model,3,0,6.583,0,0,83.9957,0,2724880,yes,../wrapper.py 119 1 1636326408 tuning -k_middle 23 -k_delta 3 -l_middle 31 -l_delta 11 -n_middle 43 -n_delta 4,7b5621feb3e52dfa215a9a2ce9eaf577,sat + graded,119,1636326408,4,119
1,inst-119-1636326408,model,4,0,6.477,0,0,3.36891,0,69570,yes,../wrapper.py 119 1 1636326408 tuning -k_middle 23 -k_delta 3 -l_middle 31 -l_delta 11 -n_middle 43 -n_delta 4,7b5621feb3e52dfa215a9a2ce9eaf577,sat + too easy,119,1636326408,4,119
1,inst-119-531989323,model,0,0,5.232,0,0,74.2917,0,2437710,yes,../wrapper.py 119 1 531989323 tuning -k_middle 23 -k_delta 3 -l_middle 31 -l_delta 11 -n_middle 43 -n_delta 4,71ec7381a1c5283cbf1c69b8ef0992ad,sat + graded,119,531989323,4,119
1,inst-119-531989323,model,1,0,4.938,0,0,0.349773,0,8199,yes,../wrapper.py 119 1 531989323 tuning -k_middle 23 -k_delta 3 -l_middle 31 -l_delta 11 -n_middle 43 -n_delta 4,71ec7381a1c5283cbf1c69b8ef0992ad,sat + too easy,119,531989323,4,119
1,inst-120-1296195505,model,0,0,7.144,0,0,13.6458,0,326025,yes,../wrapper.py 120 1 1296195505 tuning -k_middle 26 -k_delta 4 -l_middle 34 -l_delta 13 -n_middle 47 -n_delta 5,c90edbf4ab0dc190c0ec6f8eb0ae4e39,sat + graded,120,1296195505,4,120
1,inst-120-1296195505,model,1,0,6.522,0,0,13.0093,0,323776,yes,../wrapper.py 120 1 1296195505 tuning -k_middle 26 -k_delta 4 -l_middle 34 -l_delta 13 -n_middle 47 -n_delta 5,c90edbf4ab0dc190c0ec6f8eb0ae4e39,sat + graded,120,1296195505,4,120
1,inst-120-1296195505,model,2,0,6.582,0,0,203.956,0,5473509,yes,../wrapper.py 120 1 1296195505 tuning -k_middle 26 -k_delta 4 -l_middle 34 -l_delta 13 -n_middle 47 -n_delta 5,c90edbf4ab0dc190c0ec6f8eb0ae4e39,sat + graded,120,1296195505,4,120
1,inst-120-1296195505,model,3,0,6.157,0,1,NA,NA,NA,NA,../wrapper.py 120 1 1296195505 tuning -k_middle 26 -k_delta 4 -l_middle 34 -l_delta 13 -n_middle 47 -n_delta 5,c90edbf4ab0dc190c0ec6f8eb0ae4e39,solver timeout,120,1296195505,4,120
1,inst-120-2003408602,model,0,0,7.421,0,0,70.0007,0,1635532,yes,../wrapper.py 120 1 2003408602 tuning -k_middle 26 -k_delta 4 -l_middle 34 -l_delta 13 -n_middle 47 -n_delta 5,18f29826828bd714937fbecfb2a2be30,sat + graded,120,2003408602,4,120
1,inst-120-2003408602,model,1,0,5.483,0,1,NA,NA,NA,NA,../wrapper.py 120 1 2003408602 tuning -k_middle 26 -k_delta 4 -l_middle 34 -l_delta 13 -n_middle 47 -n_delta 5,18f29826828bd714937fbecfb2a2be30,solver timeout,120,2003408602,4,120
1,inst-120-1636326408,model,0,0,8.205,0,0,17.4776,0,341868,yes,../wrapper.py 120 1 1636326408 tuning -k_middle 26 -k_delta 4 -l_middle 34 -l_delta 13 -n_middle 47 -n_delta 5,84603277c241e994e2abcdc4e068b280,sat + graded,120,1636326408,4,120
1,inst-120-1636326408,model,1,0,7.688,0,0,110.52,0,2201383,yes,../wrapper.py 120 1 1636326408 tuning -k_middle 26 -k_delta 4 -l_middle 34 -l_delta 13 -n_middle 47 -n_delta 5,84603277c241e994e2abcdc4e068b280,sat + graded,120,1636326408,4,120
1,inst-120-1636326408,model,2,0,7.572,0,0,4.7131,0,96480,yes,../wrapper.py 120 1 1636326408 tuning -k_middle 26 -k_delta 4 -l_middle 34 -l_delta 13 -n_middle 47 -n_delta 5,84603277c241e994e2abcdc4e068b280,sat + too easy,120,1636326408,4,120
1,inst-121-1041507409,model,0,0,7.893,0,0,95.4737,0,2621203,yes,../wrapper.py 121 1 1041507409 tuning -k_middle 19 -k_delta 1 -l_middle 14 -l_delta 10 -n_middle 47 -n_delta 15,60773513675c23eedc89bf480d8b31b5,sat + graded,121,1041507409,4,121
1,inst-121-1041507409,model,1,0,6.172,0,0,7.59178,0,118953,yes,../wrapper.py 121 1 1041507409 tuning -k_middle 19 -k_delta 1 -l_middle 14 -l_delta 10 -n_middle 47 -n_delta 15,60773513675c23eedc89bf480d8b31b5,sat + too easy,121,1041507409,4,121
1,inst-121-596927503,model,0,0,6.016,0,0,120.58,0,3231852,yes,../wrapper.py 121 1 596927503 tuning -k_middle 19 -k_delta 1 -l_middle 14 -l_delta 10 -n_middle 47 -n_delta 15,9cb4945426b9a2498f126b524022cc50,sat + graded,121,596927503,5,121
1,inst-121-596927503,model,1,0,5.162,0,0,12.3105,0,378565,yes,../wrapper.py 121 1 596927503 tuning -k_middle 19 -k_delta 1 -l_middle 14 -l_delta 10 -n_middle 47 -n_delta 15,9cb4945426b9a2498f126b524022cc50,sat + graded,121,596927503,5,121
1,inst-121-596927503,model,2,0,5.185,0,0,8.02973,0,278922,yes,../wrapper.py 121 1 596927503 tuning -k_middle 19 -k_delta 1 -l_middle 14 -l_delta 10 -n_middle 47 -n_delta 15,9cb4945426b9a2498f126b524022cc50,sat + too easy,121,596927503,5,121
1,inst-122-1296195505,model,0,0,7.098,0,0,129.216,0,3676255,yes,../wrapper.py 122 1 1296195505 tuning -k_middle 20 -k_delta 7 -l_middle 6 -l_delta 8 -n_middle 42 -n_delta 13,bf5991aae9d74e5df1dcecdc6c1d4819,sat + graded,122,1296195505,4,122
1,inst-122-1296195505,model,1,0,5.502,0,0,21.567,0,723583,yes,../wrapper.py 122 1 1296195505 tuning -k_middle 20 -k_delta 7 -l_middle 6 -l_delta 8 -n_middle 42 -n_delta 13,bf5991aae9d74e5df1dcecdc6c1d4819,sat + graded,122,1296195505,4,122
1,inst-122-1296195505,model,2,0,6.046,0,0,3.66284,0,56386,yes,../wrapper.py 122 1 1296195505 tuning -k_middle 20 -k_delta 7 -l_middle 6 -l_delta 8 -n_middle 42 -n_delta 13,bf5991aae9d74e5df1dcecdc6c1d4819,sat + too easy,122,1296195505,4,122
1,inst-122-1041507409,model,0,0,9.096,0,0,286.147,0,2732989,yes,../wrapper.py 122 1 1041507409 tuning -k_middle 20 -k_delta 7 -l_middle 6 -l_delta 8 -n_middle 42 -n_delta 13,68662740904296eb00cad733ad41078d,sat + graded,122,1041507409,4,122
1,inst-122-1041507409,model,1,0,7.861,0,0,57.4164,0,1137368,yes,../wrapper.py 122 1 1041507409 tuning -k_middle 20 -k_delta 7 -l_middle 6 -l_delta 8 -n_middle 42 -n_delta 13,68662740904296eb00cad733ad41078d,sat + graded,122,1041507409,4,122
1,inst-122-1041507409,model,2,0,6.989,0,0,17.6738,0,406438,yes,../wrapper.py 122 1 1041507409 tuning -k_middle 20 -k_delta 7 -l_middle 6 -l_delta 8 -n_middle 42 -n_delta 13,68662740904296eb00cad733ad41078d,sat + graded,122,1041507409,4,122
1,inst-122-1041507409,model,3,0,7.543,0,1,NA,NA,NA,NA,../wrapper.py 122 1 1041507409 tuning -k_middle 20 -k_delta 7 -l_middle 6 -l_delta 8 -n_middle 42 -n_delta 13,68662740904296eb00cad733ad41078d,solver timeout,122,1041507409,4,122
1,inst-123-1296195505,model,0,0,9.709,0,0,272.937,0,5580621,yes,../wrapper.py 123 1 1296195505 tuning -k_middle 25 -k_delta 6 -l_middle 1 -l_delta 10 -n_middle 49 -n_delta 15,268e43c396eb9211c393d17bb629a382,sat + graded,123,1296195505,4,123
1,inst-123-1296195505,model,1,0,8.002,0,0,43.1524,0,631834,yes,../wrapper.py 123 1 1296195505 tuning -k_middle 25 -k_delta 6 -l_middle 1 -l_delta 10 -n_middle 49 -n_delta 15,268e43c396eb9211c393d17bb629a382,sat + graded,123,1296195505,4,123
1,inst-123-1296195505,model,2,0,7.254,0,0,19.1657,0,331942,yes,../wrapper.py 123 1 1296195505 tuning -k_middle 25 -k_delta 6 -l_middle 1 -l_delta 10 -n_middle 49 -n_delta 15,268e43c396eb9211c393d17bb629a382,sat + graded,123,1296195505,4,123
1,inst-123-1296195505,model,3,0,8.219,0,0,79.0994,0,1648990,yes,../wrapper.py 123 1 1296195505 tuning -k_middle 25 -k_delta 6 -l_middle 1 -l_delta 10 -n_middle 49 -n_delta 15,268e43c396eb9211c393d17bb629a382,sat + graded,123,1296195505,4,123
1,inst-123-1296195505,model,4,0,7.792,0,0,56.2718,0,1082362,yes,../wrapper.py 123 1 1296195505 tuning -k_middle 25 -k_delta 6 -l_middle 1 -l_delta 10 -n_middle 49 -n_delta 15,268e43c396eb9211c393d17bb629a382,sat + graded,123,1296195505,4,123
1,inst-124-2024984865,model,0,0,5.591,0,0,12.2557,0,322367,yes,../wrapper.py 124 1 2024984865 tuning -k_middle 31 -k_delta 4 -l_middle 30 -l_delta 8 -n_middle 39 -n_delta 8,102b9f23005da02d70547ddfa23fe170,sat + graded,124,2024984865,4,124
1,inst-124-2024984865,model,1,0,6.94,0,1,NA,NA,NA,NA,../wrapper.py 124 1 2024984865 tuning -k_middle 31 -k_delta 4 -l_middle 30 -l_delta 8 -n_middle 39 -n_delta 8,102b9f23005da02d70547ddfa23fe170,solver timeout,124,2024984865,4,124
1,inst-125-2007234433,model,0,0,6.658,0,0,106.754,0,2446323,yes,../wrapper.py 125 1 2007234433 tuning -k_middle 25 -k_delta 7 -l_middle 10 -l_delta 11 -n_middle 40 -n_delta 11,86a2226d8f773a40fc1a655afa742104,sat + graded,125,2007234433,5,125
1,inst-125-2007234433,model,1,0,7.659,0,0,80.4948,0,752992,yes,../wrapper.py 125 1 2007234433 tuning -k_middle 25 -k_delta 7 -l_middle 10 -l_delta 11 -n_middle 40 -n_delta 11,86a2226d8f773a40fc1a655afa742104,sat + graded,125,2007234433,5,125
1,inst-125-2007234433,model,2,0,6.872,0,0,15.6798,0,200630,yes,../wrapper.py 125 1 2007234433 tuning -k_middle 25 -k_delta 7 -l_middle 10 -l_delta 11 -n_middle 40 -n_delta 11,86a2226d8f773a40fc1a655afa742104,sat + graded,125,2007234433,5,125
1,inst-125-2007234433,model,3,0,6.981,0,0,3.52068,0,40210,yes,../wrapper.py 125 1 2007234433 tuning -k_middle 25 -k_delta 7 -l_middle 10 -l_delta 11 -n_middle 40 -n_delta 11,86a2226d8f773a40fc1a655afa742104,sat + too easy,125,2007234433,5,125
1,inst-125-681062997,model,0,0,5.168,0,0,133.455,0,8322578,yes,../wrapper.py 125 1 681062997 tuning -k_middle 25 -k_delta 7 -l_middle 10 -l_delta 11 -n_middle 40 -n_delta 11,6afcfed947bc1cc6b7b2481ab81c98ff,sat + graded,125,681062997,5,125
1,inst-125-681062997,model,1,0,5.963,0,0,5.82642,0,139877,yes,../wrapper.py 125 1 681062997 tuning -k_middle 25 -k_delta 7 -l_middle 10 -l_delta 11 -n_middle 40 -n_delta 11,6afcfed947bc1cc6b7b2481ab81c98ff,sat + too easy,125,681062997,5,125
1,inst-125-1010774377,model,0,0,5.193,0,0,127.619,0,4803537,yes,../wrapper.py 125 1 1010774377 tuning -k_middle 25 -k_delta 7 -l_middle 10 -l_delta 11 -n_middle 40 -n_delta 11,89c43882179588de68651a93b803e5d7,sat + graded,125,1010774377,5,125
1,inst-125-1010774377,model,1,0,5.796,0,0,10.618,0,371483,yes,../wrapper.py 125 1 1010774377 tuning -k_middle 25 -k_delta 7 -l_middle 10 -l_delta 11 -n_middle 40 -n_delta 11,89c43882179588de68651a93b803e5d7,sat + graded,125,1010774377,5,125
1,inst-125-1010774377,model,2,0,5.675,0,0,1.87382,0,54551,yes,../wrapper.py 125 1 1010774377 tuning -k_middle 25 -k_delta 7 -l_middle 10 -l_delta 11 -n_middle 40 -n_delta 11,89c43882179588de68651a93b803e5d7,sat + too easy,125,1010774377,5,125
1,inst-125-1296195505,model,0,0,5.688,0,0,53.7863,0,1543340,yes,../wrapper.py 125 1 1296195505 tuning -k_middle 25 -k_delta 7 -l_middle 10 -l_delta 11 -n_middle 40 -n_delta 11,7533d89f72a1e94a6040aeacde524594,sat + graded,125,1296195505,5,125
1,inst-125-1296195505,model,1,0,6.107,0,0,11.2715,0,322836,yes,../wrapper.py 125 1 1296195505 tuning -k_middle 25 -k_delta 7 -l_middle 10 -l_delta 11 -n_middle 40 -n_delta 11,7533d89f72a1e94a6040aeacde524594,sat + graded,125,1296195505,5,125
1,inst-125-1296195505,model,2,0,6.127,0,0,4.53792,0,132233,yes,../wrapper.py 125 1 1296195505 tuning -k_middle 25 -k_delta 7 -l_middle 10 -l_delta 11 -n_middle 40 -n_delta 11,7533d89f72a1e94a6040aeacde524594,sat + too easy,125,1296195505,5,125
1,inst-125-1691230362,model,0,0,7.374,0,0,262.107,0,5478472,yes,../wrapper.py 125 1 1691230362 tuning -k_middle 25 -k_delta 7 -l_middle 10 -l_delta 11 -n_middle 40 -n_delta 11,d4d8155f592534c9a303e8bdf0b6981f,sat + graded,125,1691230362,5,125
1,inst-125-1691230362,model,1,0,7.187,0,0,4.57099,0,105649,yes,../wrapper.py 125 1 1691230362 tuning -k_middle 25 -k_delta 7 -l_middle 10 -l_delta 11 -n_middle 40 -n_delta 11,d4d8155f592534c9a303e8bdf0b6981f,sat + too easy,125,1691230362,5,125
